type;id;time;A;D;latitude;longitude;altitude;speed;distance;distance_interval;name;stop;stop id;stop time;arrival;departure
T;1;14:48:14;14:48:14;14:48:14;51,05750275;13,73105621;117,4;0;0,00;0;Lazslo;-1;;0:00:00;0:00:00;0:00:00
T;2;14:48:17;14:48:17;14:48:17;51,05750656;13,73105907;116,9;0,6;0,50;0,47;Lazslo;0;;0:00:00;0:00:03;0:00:03
T;3;14:48:22;14:48:22;14:48:22;51,05763626;13,7309227;115;12,4;17,80;17,31;Lazslo;0;;0:00:00;0:00:08;0:00:08
T;4;14:48:25;14:48:25;14:48:25;51,057724;13,7308197;113,1;14,5;29,90;12,14;Lazslo;0;;0:00:00;0:00:11;0:00:11
T;5;14:48:29;14:48:29;14:48:29;51,0577507;13,73061371;111,2;13,2;44,70;14,74;Lazslo;0;;0:00:00;0:00:15;0:00:15
T;6;14:48:34;14:48:34;14:48:34;51,05771637;13,73033619;111,7;14,2;64,50;19,83;Lazslo;0;;0:00:00;0:00:20;0:00:20
T;7;14:48:38;14:48:38;14:48:38;51,0577507;13,73013115;113,1;13,3;79,40;14,87;Lazslo;0;;0:00:00;0:00:24;0:00:24
T;8;14:48:44;14:48:44;14:48:44;51,05772781;13,72983742;114,5;12,4;100,10;20,75;Lazslo;0;;0:00:00;0:00:30;0:00:30
T;9;14:48:46;14:48:46;14:48:46;51,05775833;13,72974873;114,5;12,7;107,20;7,08;Lazslo;0;;0:00:00;0:00:32;0:00:32
T;10;14:48:52;14:48:51;14:48:53;51,05786896;13,72949696;117,4;0;128,70;21,5;Lazslo;1;1;0:00:02;0:00:37;0:00:39
T;11;14:48:53;14:48:53;14:48:53;51,05787659;13,7294817;117,4;4,9;130,10;1,4;Lazslo;0;;0:00:00;0:00:39;0:00:39
T;12;14:48:58;14:48:58;14:48:58;51,0579567;13,72935772;117,4;8,9;142,50;12,4;Lazslo;0;;0:00:00;0:00:44;0:00:44
T;13;14:49:03;14:49:03;14:49:03;51,05802155;13,72912979;115,5;12,6;160,10;17,6;Lazslo;0;;0:00:00;0:00:49;0:00:49
T;14;14:49:08;14:49:08;14:49:08;51,05802536;13,72888851;114,1;12,1;177,00;16,9;Lazslo;0;;0:00:00;0:00:54;0:00:54
T;15;14:49:09;14:49:09;14:49:09;51,05801773;13,72883701;114,1;13,3;180,70;3,7;Lazslo;0;;0:00:00;0:00:55;0:00:55
T;16;14:49:15;14:49:15;14:49:15;51,05797577;13,7285862;112,1;10,9;198,90;18,2;Lazslo;0;;0:00:00;0:01:01;0:01:01
T;17;14:49:18;14:49:18;14:49:18;51,0579834;13,72847462;112,1;9,4;206,80;7,9;Lazslo;0;;0:00:00;0:01:04;0:01:04
T;18;14:49:22;14:49:22;14:49:22;51,05793381;13,72830486;112,1;11,8;219,90;13,1;Lazslo;0;;0:00:00;0:01:08;0:01:08
T;19;14:49:27;14:49:27;14:49:27;51,05784226;13,72829914;111,2;7,3;230,10;10,2;Lazslo;0;;0:00:00;0:01:13;0:01:13
T;20;14:49:31;14:49:31;14:49:31;51,05771637;13,7282505;106,4;13;244,50;14,4;Lazslo;0;;0:00:00;0:01:17;0:01:17
T;21;14:49:38;14:49:38;14:49:38;51,05750656;13,72828102;101,6;12;267,90;23,4;Lazslo;0;;0:00:00;0:01:24;0:01:24
T;22;14:49:44;14:49:44;14:49:44;51,0573349;13,72835445;100,6;11,9;287,70;19,8;Lazslo;0;;0:00:00;0:01:30;0:01:30
T;23;14:49:49;14:49:49;14:49:49;51,05720902;13,72842789;100,6;10,7;302,60;14,9;Lazslo;0;;0:00:00;0:01:35;0:01:35
T;24;14:49:54;14:49:54;14:49:54;51,05709076;13,7285223;109,7;10,6;317,40;14,8;Lazslo;0;;0:00:00;0:01:40;0:01:40
T;25;14:50:00;14:50:00;14:50:00;51,05696487;13,72869015;109,7;11;335,60;18,2;Lazslo;0;;0:00:00;0:01:46;0:01:46
T;26;14:50:07;14:50:07;14:50:07;51,0567894;13,72878742;106,4;10,6;356,30;20,7;Lazslo;0;;0:00:00;0:01:53;0:01:53
T;27;14:50:13;14:50:13;14:50:13;51,05665207;13,72891522;104,4;10,6;374,00;17,7;Lazslo;0;;0:00:00;0:01:59;0:01:59
T;28;14:50:18;14:50:18;14:50:18;51,05659103;13,7290411;107,3;8;385,20;11,2;Lazslo;0;;0:00:00;0:02:04;0:02:04
T;29;14:50:23;14:50:23;14:50:23;51,05654526;13,72920895;106,8;9,2;398,00;12,8;Lazslo;0;;0:00:00;0:02:09;0:02:09
T;30;14:50:25;14:50:24;14:50:26;51,05655289;13,72928333;111,2;0;403,30;5,3;Lazslo;1;2;0:00:02;0:02:10;0:02:12
T;31;14:50:30;14:50:30;14:50:30;51,05661392;13,72931862;114,5;5,2;410,50;7,2;Lazslo;0;;0:00:00;0:02:16;0:02:16
T;32;14:50:36;14:50:36;14:50:36;51,05667877;13,72914028;115,5;8,6;424,90;14,4;Lazslo;0;;0:00:00;0:02:22;0:02:22
T;33;14:50:37;14:50:37;14:50:37;51,0566864;13,72909355;115;12,1;428,30;3,4;Lazslo;0;;0:00:00;0:02:23;0:02:23
T;34;14:50:43;14:50:43;14:50:43;51,05675125;13,72887898;113,6;10;445,00;16,7;Lazslo;0;;0:00:00;0:02:29;0:02:29
T;35;14:50:50;14:50:50;14:50:50;51,05690002;13,72875023;110,2;9,7;463,90;18,9;Lazslo;0;;0:00:00;0:02:36;0:02:36
T;36;14:50:55;14:50:55;14:50:55;51,0570221;13,72864056;109,2;11,2;479,50;15,6;Lazslo;0;;0:00:00;0:02:41;0:02:41
T;37;14:51:01;14:51:01;14:51:01;51,05717087;13,7285614;108,8;10,5;496,90;17,4;Lazslo;0;;0:00:00;0:02:47;0:02:47
T;38;14:51:04;14:51:04;14:51:04;51,05721283;13,72847271;110,7;9,3;504,70;7,8;Lazslo;0;;0:00:00;0:02:50;0:02:50
T;39;14:51:07;14:51:07;14:51:07;51,05718613;13,72836876;113,6;9,4;512,60;7,9;Lazslo;0;;0:00:00;0:02:53;0:02:53
T;40;14:51:12;14:51:12;14:51:12;51,05720902;13,72809982;115;13,7;531,60;19;Lazslo;0;;0:00:00;0:02:58;0:02:58
T;41;14:51:17;14:51:17;14:51:17;51,05726624;13,72790718;118,9;10,7;546,50;14,9;Lazslo;0;;0:00:00;0:03:03;0:03:03
T;42;14:51:21;14:51:21;14:51:21;51,05731201;13,72781181;124,6;7,5;554,90;8,4;Lazslo;0;;0:00:00;0:03:07;0:03:07
T;43;14:51:25;14:51:25;14:51:25;51,05738068;13,72776318;128;7,5;563,30;8,4;Lazslo;0;;0:00:00;0:03:11;0:03:11
T;44;14:51:31;14:51:31;14:51:31;51,05747986;13,72763825;120,3;8,4;577,40;14,1;Lazslo;0;;0:00:00;0:03:17;0:03:17
T;45;14:51:33;14:51:33;14:51:33;51,05753326;13,72760677;118,9;11,4;583,70;6,3;Lazslo;0;;0:00:00;0:03:19;0:03:19
T;46;14:51:36;14:51:36;14:51:36;51,05760193;13,72760296;118,9;9,2;591,40;7,7;Lazslo;0;;0:00:00;0:03:22;0:03:22
T;47;14:51:41;14:51:41;14:51:41;51,05774689;13,72744179;109,7;14,2;611,10;19,7;Lazslo;0;;0:00:00;0:03:27;0:03:27
T;48;14:51:46;14:51:46;14:51:46;51,05767441;13,72732925;105,4;8,1;622,30;11,2;Lazslo;0;;0:00:00;0:03:32;0:03:32
T;49;14:51:50;14:51:50;14:51:50;51,05762482;13,72727394;107,8;6,1;629,10;6,8;Lazslo;0;;0:00:00;0:03:36;0:03:36
T;50;14:51:55;14:51:55;14:51:55;51,05748367;13,72737312;107,3;12,4;646,30;17,2;Lazslo;0;;0:00:00;0:03:41;0:03:41
T;51;14:51:56;14:51:56;14:51:56;51,05744553;13,7273674;106,8;15,3;650,50;4,2;Lazslo;0;;0:00:00;0:03:42;0:03:42
T;52;14:52:02;14:52:02;14:52:02;51,05731964;13,72728348;108,8;9,1;665,70;15,2;Lazslo;0;;0:00:00;0:03:48;0:03:48
T;53;14:52:06;14:52:06;14:52:06;51,05731583;13,72723675;113,6;3;669,00;3,3;Lazslo;0;;0:00:00;0:03:52;0:03:52
T;54;14:52:19;14:52:19;14:52:19;51,05731964;13,72726917;137,6;0,6;671,30;2,3;Lazslo;0;;0:00:00;0:04:05;0:04:05
T;55;14:52:24;14:52:23;14:52:25;51,05725861;13,72713471;156,4;0;682,90;11,6;Lazslo;1;3;0:00:02;0:04:09;0:04:11
T;56;14:52:29;14:52:29;14:52:29;51,05726624;13,72698498;166,9;7,6;693,50;10,6;Lazslo;0;;0:00:00;0:04:15;0:04:15
T;57;14:52:33;14:52:33;14:52:33;51,05722427;13,72683525;169,8;10,3;705,00;11,5;Lazslo;0;;0:00:00;0:04:19;0:04:19
T;58;14:52:36;14:52:36;14:52:36;51,05714417;13,72666168;172,2;18,1;720,00;15;Lazslo;0;;0:00:00;0:04:22;0:04:22
T;59;14:52:40;14:52:40;14:52:40;51,05695725;13,72684288;170,3;21,9;744,40;24,4;Lazslo;0;;0:00:00;0:04:26;0:04:26
T;60;14:52:41;14:52:41;14:52:41;51,05695343;13,72686386;169,3;5,5;745,90;1,5;Lazslo;0;;0:00:00;0:04:27;0:04:27
T;61;14:52:45;14:52:45;14:52:45;51,05693054;13,72690296;166,9;3,4;749,70;3,8;Lazslo;0;;0:00:00;0:04:31;0:04:31
T;62;14:52:50;14:52:50;14:52:50;51,05696106;13,72692394;150,1;2,7;753,40;3,7;Lazslo;0;;0:00:00;0:04:36;0:04:36
T;63;14:52:51;14:52:51;14:52:51;51,05692673;13,72687721;148,7;18,1;758,40;5;Lazslo;0;;0:00:00;0:04:37;0:04:37
T;64;14:52:56;14:52:56;14:52:56;51,05670548;13,72676277;132,3;18,6;784,30;25,9;Lazslo;0;;0:00:00;0:04:42;0:04:42
T;65;14:52:57;14:52:57;14:52:57;51,05667496;13,72675514;129,9;12,4;787,70;3,4;Lazslo;0;;0:00:00;0:04:43;0:04:43
T;66;14:53:03;14:53:03;14:53:03;51,05654144;13,72666168;120,3;9,7;804,00;16,3;Lazslo;0;;0:00:00;0:04:49;0:04:49
T;67;14:53:07;14:53:07;14:53:07;51,05657196;13,72656155;113,1;7;811,80;7,8;Lazslo;0;;0:00:00;0:04:53;0:04:53
T;68;14:53:11;14:53:10;14:53:12;51,05666351;13,72647095;111,2;0;823,80;12;Lazslo;1;4;0:00:02;0:04:56;0:04:58
T;69;14:53:18;14:53:18;14:53:18;51,05657196;13,72636128;109,7;6,6;836,50;12,7;Lazslo;0;;0:00:00;0:05:04;0:05:04
T;70;14:53:23;14:53:23;14:53:23;51,05641556;13,72640705;107,8;12,7;854,20;17,7;Lazslo;0;;0:00:00;0:05:09;0:05:09
T;71;14:53:28;14:53:28;14:53:28;51,05630112;13,72623444;109,7;12,6;871,80;17,6;Lazslo;0;;0:00:00;0:05:14;0:05:14
T;72;14:53:29;14:53:29;14:53:29;51,05627441;13,72620773;109,2;12,6;875,30;3,5;Lazslo;0;;0:00:00;0:05:15;0:05:15
T;73;14:53:34;14:53:34;14:53:34;51,05612946;13,72609711;112,1;12,9;893,20;17,9;Lazslo;0;;0:00:00;0:05:20;0:05:20
T;74;14:53:42;14:53:42;14:53:42;51,05598831;13,72583389;114,5;10,9;917,40;24,2;Lazslo;0;;0:00:00;0:05:28;0:05:28
T;75;14:53:45;14:53:45;14:53:45;51,05594254;13,72575188;114,1;9,2;925,10;7,7;Lazslo;0;;0:00:00;0:05:31;0:05:31
T;76;14:53:50;14:53:50;14:53:50;51,05586243;13,72560692;115;9,7;938,60;13,5;Lazslo;0;;0:00:00;0:05:36;0:05:36
T;77;14:53:52;14:53:52;14:53:52;51,05582809;13,72553349;116,5;11,5;945,10;6,5;Lazslo;0;;0:00:00;0:05:38;0:05:38
T;78;14:53:58;14:53:58;14:53:58;51,0557518;13,72532463;117,4;10,1;962,00;16,9;Lazslo;0;;0:00:00;0:05:44;0:05:44
T;79;14:54:04;14:54:04;14:54:04;51,0556488;13,72514057;124,1;10,3;979,20;17,2;Lazslo;0;;0:00:00;0:05:50;0:05:50
T;80;14:54:10;14:54:10;14:54:10;51,05553055;13,72495842;128,5;11;997,60;18,4;Lazslo;0;;0:00:00;0:05:56;0:05:56
T;81;14:54:15;14:54:15;14:54:15;51,05545044;13,72483921;140;8,8;1009,80;12,2;Lazslo;0;;0:00:00;0:06:01;0:06:01
T;82;14:54:19;14:54:19;14:54:19;51,05551148;13,72471619;131,8;9,9;1020,80;11;Lazslo;0;;0:00:00;0:06:05;0:06:05
T;83;14:54:23;14:54:22;14:54:24;51,05555725;13,72467518;125,6;0;1026,60;5,8;Lazslo;1;5;0:00:02;0:06:08;0:06:10
T;84;14:54:29;14:54:29;14:54:29;51,0554657;13,72469807;123,2;6,2;1036,90;10,3;Lazslo;0;;0:00:00;0:06:15;0:06:15
T;85;14:54:32;14:54:32;14:54:32;51,05537033;13,72463608;122,2;13,7;1048,40;11,5;Lazslo;0;;0:00:00;0:06:18;0:06:18
T;86;14:54:38;14:54:38;14:54:38;51,05522919;13,72446156;120,3;11,9;1068,30;19,9;Lazslo;0;;0:00:00;0:06:24;0:06:24
T;87;14:54:43;14:54:43;14:54:43;51,05511856;13,7243948;118,9;9,5;1081,50;13,2;Lazslo;0;;0:00:00;0:06:29;0:06:29
T;88;14:54:47;14:54:47;14:54:47;51,05501938;13,72432423;116,5;10,9;1093,60;12,1;Lazslo;0;;0:00:00;0:06:33;0:06:33
T;89;14:54:52;14:54:52;14:54:52;51,05490494;13,72420311;116;11;1108,90;15,3;Lazslo;0;;0:00:00;0:06:38;0:06:38
T;90;14:54:57;14:54:57;14:54:57;51,0547905;13,72425365;113,1;9,5;1122,10;13,2;Lazslo;0;;0:00:00;0:06:43;0:06:43
T;91;14:54:58;14:54:58;14:54:58;51,05475998;13,72426891;114,1;12,8;1125,60;3,5;Lazslo;0;;0:00:00;0:06:44;0:06:44
T;92;14:55:03;14:55:03;14:55:03;51,05462647;13,72430325;107,8;10,8;1140,70;15,1;Lazslo;0;;0:00:00;0:06:49;0:06:49
T;93;14:55:08;14:55:08;14:55:08;51,05457306;13,7242775;106,8;4,5;1146,90;6,2;Lazslo;0;;0:00:00;0:06:54;0:06:54
T;94;14:55:13;14:55:13;14:55:13;51,05447388;13,72434712;105,9;8,7;1159,00;12,1;Lazslo;0;;0:00:00;0:06:59;0:06:59
T;95;14:55:19;14:55:19;14:55:19;51,05433273;13,72449112;104,9;11,2;1177,60;18,6;Lazslo;0;;0:00:00;0:07:05;0:07:05
T;96;14:55:23;14:55:23;14:55:23;51,05426407;13,72457123;106,8;8,5;1187,10;9,5;Lazslo;0;;0:00:00;0:07:09;0:07:09
T;97;14:55:28;14:55:28;14:55:28;51,05425263;13,72460651;108,8;2;1189,90;2,8;Lazslo;0;;0:00:00;0:07:14;0:07:14
T;98;14:55:33;14:55:33;14:55:33;51,05425263;13,72461891;107,8;0,6;1190,80;0,9;Lazslo;0;;0:00:00;0:07:19;0:07:19
T;99;14:55:38;14:55:38;14:55:38;51,05423355;13,72475338;106,8;6,9;1200,40;9,6;Lazslo;0;;0:00:00;0:07:24;0:07:24
T;100;14:55:41;14:55:41;14:55:41;51,05419922;13,72486496;106,8;10,4;1209,10;8,7;Lazslo;0;;0:00:00;0:07:27;0:07:27
T;101;14:55:43;14:55:43;14:55:43;51,05418396;13,72494507;106,4;10,5;1215,00;5,9;Lazslo;0;;0:00:00;0:07:29;0:07:29
T;102;14:55:49;14:55:49;14:55:49;51,054039;13,72505856;105,9;10,8;1233,00;18;Lazslo;0;;0:00:00;0:07:35;0:07:35
T;103;14:55:56;14:55:56;14:55:56;51,0539093;13,72522163;111,7;9,5;1251,40;18,4;Lazslo;0;;0:00:00;0:07:42;0:07:42
T;104;14:55:59;14:55:59;14:56:26;51,05382919;13,7253027;111,7;0;1262,00;10,6;Lazslo;1;6;0:00:27;0:07:45;0:08:12
T;105;14:56:32;14:56:32;14:56:32;51,05378723;13,72531796;153,5;3,6;1289,20;27,2;Lazslo;0;;0:00:00;0:08:18;0:08:18
T;106;14:56:37;14:56:37;14:56:37;51,0538826;13,7252264;162,6;8,9;1301,60;12,4;Lazslo;0;;0:00:00;0:08:23;0:08:23
T;107;14:56:42;14:56:42;14:56:42;51,05401611;13,72513008;158,3;11,7;1317,90;16,3;Lazslo;0;;0:00:00;0:08:28;0:08:28
T;108;14:56:47;14:56:47;14:56:47;51,05413818;13,72489548;133,8;15,3;1339,20;21,3;Lazslo;0;;0:00:00;0:08:33;0:08:33
T;109;14:56:52;14:56:52;14:56:52;51,05413055;13,72464466;124,6;12,6;1356,90;17,7;Lazslo;0;;0:00:00;0:08:38;0:08:38
T;110;14:56:56;14:56:56;14:56:56;51,054142;13,72445965;122,7;11,7;1369,90;13;Lazslo;0;;0:00:00;0:08:42;0:08:42
T;111;14:57:01;14:57:01;14:57:01;51,05423737;13,72424793;122,2;13,1;1388,10;18,2;Lazslo;0;;0:00:00;0:08:47;0:08:47
T;112;14:57:06;14:57:06;14:57:06;51,05430603;13,72403908;118,9;11,9;1404,70;16,6;Lazslo;0;;0:00:00;0:08:52;0:08:52
T;113;14:57:11;14:57:11;14:57:11;51,05438614;13,72386646;117,4;10,8;1419,70;15;Lazslo;0;;0:00:00;0:08:57;0:08:57
T;114;14:57:15;14:57:15;14:57:15;51,05433655;13,72374916;117,4;8,9;1429,60;9,9;Lazslo;0;;0:00:00;0:09:01;0:09:01
T;115;14:57:19;14:57:19;14:57:19;51,05425263;13,72375298;115,5;8,4;1438,90;9,3;Lazslo;0;;0:00:00;0:09:05;0:09:05
T;116;14:57:20;14:57:20;14:57:20;51,05423737;13,72376633;115,5;7;1440,90;2;Lazslo;0;;0:00:00;0:09:06;0:09:06
T;117;14:57:26;14:57:26;14:57:26;51,05416107;13,72377682;115,5;5,1;1449,40;8,5;Lazslo;0;;0:00:00;0:09:12;0:09:12
T;118;14:57:31;14:57:30;14:57:32;51,05416107;13,7238121;128;0;1451,90;2,5;Lazslo;1;7;0:00:02;0:09:16;0:09:18
T;119;14:57:38;14:57:38;14:57:38;51,05422974;13,72377205;145,3;4,2;1460,00;8,1;Lazslo;0;;0:00:00;0:09:24;0:09:24
T;120;14:57:42;14:57:42;14:57:42;51,05430222;13,72377014;150,6;7,3;1468,10;8,1;Lazslo;0;;0:00:00;0:09:28;0:09:28
T;121;14:57:46;14:57:46;14:57:46;51,0544014;13,72389698;147,7;12,7;1482,20;14,1;Lazslo;0;;0:00:00;0:09:32;0:09:32
T;122;14:57:50;14:57:50;14:57:50;51,05445862;13,72396374;145,8;7,1;1490,10;7,9;Lazslo;0;;0:00:00;0:09:36;0:09:36
T;123;14:57:55;14:57:55;14:57:55;51,05455399;13,72387409;141;8,9;1502,50;12,4;Lazslo;0;;0:00:00;0:09:41;0:09:41
T;124;14:57:59;14:57:59;14:57:59;51,05456162;13,72379208;138,6;5,2;1508,30;5,8;Lazslo;0;;0:00:00;0:09:45;0:09:45
T;125;14:58:05;14:58:05;14:58:05;51,05440521;13,72349358;137,6;16,3;1535,50;27,2;Lazslo;0;;0:00:00;0:09:51;0:09:51
T;126;14:58:16;14:58:16;14:58:16;51,05445862;13,72336483;161,2;3,5;1546,30;10,8;Lazslo;0;;0:00:00;0:10:02;0:10:02
T;127;14:58:22;14:58:21;14:58:23;51,05463791;13,72337627;159,7;0;1566,30;20;Lazslo;1;8;0:00:02;0:10:07;0:10:09
T;128;14:58:26;14:58:26;14:58:26;51,0545845;13,72362614;145,3;16,6;1584,80;18,5;Lazslo;0;;0:00:00;0:10:12;0:10:12
T;129;14:58:29;14:58:29;14:58:29;51,05447769;13,72390175;134,2;27,2;1607,50;22,7;Lazslo;0;;0:00:00;0:10:15;0:10:15
T;130;14:58:31;14:58:31;14:58:31;51,05441284;13,72402096;131,4;19,8;1618,50;11;Lazslo;0;;0:00:00;0:10:17;0:10:17
T;131;14:58:33;14:58:33;14:58:33;51,05436325;13,72412014;129,4;15,9;1627,40;8,9;Lazslo;0;;0:00:00;0:10:19;0:10:19
T;132;14:58:37;14:58:37;14:58:37;51,05426788;13,72424412;128;12,3;1641,10;13,7;Lazslo;0;;0:00:00;0:10:23;0:10:23
T;133;14:58:44;14:58:44;14:58:44;51,05414963;13,724473;122,2;10,6;1661,80;20,7;Lazslo;0;;0:00:00;0:10:30;0:10:30
T;134;14:58:49;14:58:49;14:58:49;51,05421829;13,72466183;117,9;11;1677,10;15,3;Lazslo;0;;0:00:00;0:10:35;0:10:35
T;135;14:58:55;14:58:55;14:58:55;51,05428696;13,72492409;115,5;11,9;1697,00;19,9;Lazslo;0;;0:00:00;0:10:41;0:10:41
T;136;14:59:01;14:59:01;14:59:01;51,05435562;13,72515965;115;10,9;1715,20;18,2;Lazslo;0;;0:00:00;0:10:47;0:10:47
T;137;14:59:06;14:59:06;14:59:06;51,05440521;13,72538471;116,9;12;1731,90;16,7;Lazslo;0;;0:00:00;0:10:52;0:10:52
T;138;14:59:12;14:59:12;14:59:12;51,05446625;13,72566509;120,3;12,4;1752,70;20,8;Lazslo;0;;0:00:00;0:10:58;0:10:58
T;139;14:59:17;14:59:17;14:59:17;51,0545044;13,7258606;123,2;10,3;1767,10;14,4;Lazslo;0;;0:00:00;0:11:03;0:11:03
T;140;14:59:19;14:59:19;14:59:19;51,05450058;13,7259264;123,7;8,3;1771,70;4,6;Lazslo;0;;0:00:00;0:11:05;0:11:05
T;141;14:59:26;14:59:26;14:59:26;51,05453873;13,72606278;117,9;5,4;1782,20;10,5;Lazslo;0;;0:00:00;0:11:12;0:11:12
T;142;14:59:34;14:59:34;14:59:34;51,05464935;13,72606182;114,1;5,5;1794,50;12,3;Lazslo;0;;0:00:00;0:11:20;0:11:20
T;143;14:59:39;14:59:39;14:59:39;51,05472183;13,72596169;112,1;7,7;1805,20;10,7;Lazslo;0;;0:00:00;0:11:25;0:11:25
T;144;14:59:41;14:59:41;14:59:41;51,05474854;13,72590542;111,7;8,9;1810,10;4,9;Lazslo;0;;0:00:00;0:11:27;0:11:27
T;145;14:59:48;14:59:48;15:00:10;51,05487061;13,7258873;111,7;0;1823,80;13,7;Lazslo;1;9;0:00:22;0:11:34;0:11:56
T;146;15:00:16;15:00:16;15:00:16;51,05469513;13,72592831;107,3;10;1867,50;43,7;Lazslo;0;;0:00:00;0:12:02;0:12:02
T;147;15:00:20;15:00:20;15:00:20;51,05457687;13,7260313;105,9;13,5;1882,50;15;Lazslo;0;;0:00:00;0:12:06;0:12:06
T;148;15:00:25;15:00:25;15:00:25;51,05444336;13,72611141;112,1;11,4;1898,40;15,9;Lazslo;0;;0:00:00;0:12:11;0:12:11
T;149;15:00:29;15:00:29;15:00:29;51,05438614;13,72627258;113,1;11,6;1911,30;12,9;Lazslo;0;;0:00:00;0:12:15;0:12:15
T;150;15:00:34;15:00:34;15:00:34;51,05434799;13,72647572;115;10,7;1926,20;14,9;Lazslo;0;;0:00:00;0:12:20;0:12:20
T;151;15:00:40;15:00:40;15:00:40;51,05434418;13,72672463;116;10,4;1943,70;17,5;Lazslo;0;;0:00:00;0:12:26;0:12:26
T;152;15:00:45;15:00:45;15:00:45;51,05435562;13,72692585;116,5;10,2;1957,80;14,1;Lazslo;0;;0:00:00;0:12:31;0:12:31
T;153;15:00:51;15:00:51;15:00:51;51,05433655;13,72713852;115;9;1972,90;15,1;Lazslo;0;;0:00:00;0:12:37;0:12:37
T;154;15:01:00;15:01:00;15:01:00;51,05430222;13,72714996;114,1;1,6;1976,80;3,9;Lazslo;0;;0:00:00;0:12:46;0:12:46
T;155;15:01:07;15:01:07;15:01:07;51,05426788;13,72712898;115;2,1;1980,90;4,1;Lazslo;0;;0:00:00;0:12:53;0:12:53
T;156;15:01:09;15:01:09;15:01:09;51,05428314;13,72711849;113,1;3,3;1982,70;1,8;Lazslo;0;;0:00:00;0:12:55;0:12:55
T;157;15:01:13;15:01:13;15:01:13;51,0542984;13,72730255;113,1;11,7;1995,70;13;Lazslo;0;;0:00:00;0:12:59;0:12:59
T;158;15:01:14;15:01:14;15:01:14;51,05431366;13,72735882;114,1;15,4;2000,00;4,3;Lazslo;0;;0:00:00;0:13:00;0:13:00
T;159;15:01:20;15:01:20;15:01:20;51,05436325;13,72770691;116,9;15;2025,10;25,1;Lazslo;0;;0:00:00;0:13:06;0:13:06
T;160;15:01:23;15:01:23;15:01:23;51,05436325;13,72784805;117,4;11,8;2035,00;9,9;Lazslo;0;;0:00:00;0:13:09;0:13:09
T;161;15:01:28;15:01:28;15:01:28;51,05431366;13,72784615;116,9;4;2040,50;5,5;Lazslo;0;;0:00:00;0:13:14;0:13:14
T;162;15:01:32;15:01:32;15:01:32;51,0541153;13,72786903;115;19,9;2062,60;22,1;Lazslo;0;;0:00:00;0:13:18;0:13:18
T;163;15:01:37;15:01:37;15:01:37;51,05395126;13,72798443;124,6;14,4;2082,60;20;Lazslo;0;;0:00:00;0:13:23;0:13:23
T;164;15:01:42;15:01:42;15:01:42;51,05382919;13,72787666;133,3;11,2;2098,10;15,5;Lazslo;0;;0:00:00;0:13:28;0:13:28
T;165;15:01:43;15:01:43;15:01:43;51,05381775;13,7278719;134,2;4,7;2099,40;1,3;Lazslo;0;;0:00:00;0:13:29;0:13:29
T;166;15:01:46;15:01:46;15:01:46;51,05378342;13,72788143;135,7;4,7;2103,30;3,9;Lazslo;0;;0:00:00;0:13:32;0:13:32
T;167;15:01:50;15:01:50;15:01:50;51,05366135;13,72794151;132,3;12,8;2117,50;14,2;Lazslo;0;;0:00:00;0:13:36;0:13:36
T;168;15:01:51;15:01:51;15:01:51;51,05363846;13,72790909;132,8;12,3;2120,90;3,4;Lazslo;0;;0:00:00;0:13:37;0:13:37
T;169;15:01:56;15:01:56;15:01:56;51,05350113;13,72773457;129,9;14,1;2140,50;19,6;Lazslo;0;;0:00:00;0:13:42;0:13:42
T;170;15:01:57;15:01:57;15:01:57;51,05347824;13,72771549;127,5;10,3;2143,40;2,9;Lazslo;0;;0:00:00;0:13:43;0:13:43
T;171;15:02:01;15:02:01;15:02:01;51,05341339;13,72777367;127;7,5;2151,70;8,3;Lazslo;0;;0:00:00;0:13:47;0:13:47
T;172;15:02:04;15:02:04;15:02:04;51,0533905;13,72780609;125,6;4,1;2155,10;3,4;Lazslo;0;;0:00:00;0:13:50;0:13:50
T;173;15:02:07;15:02:07;15:02:07;51,0533905;13,72781277;123,2;0,6;2155,50;0,4;Lazslo;0;;0:00:00;0:13:53;0:13:53
T;174;15:02:11;15:02:11;15:02:11;51,05330277;13,72777081;119,8;9,2;2165,70;10,2;Lazslo;0;;0:00:00;0:13:57;0:13:57
T;175;15:02:13;15:02:13;15:02:13;51,05323792;13,72777462;119,8;13;2173,00;7,3;Lazslo;0;;0:00:00;0:13:59;0:13:59
T;176;15:02:15;15:02:15;15:02:15;51,05319214;13,72778893;118,9;9,3;2178,20;5,2;Lazslo;0;;0:00:00;0:14:01;0:14:01
T;177;15:02:20;15:02:20;15:02:20;51,05317307;13,72795296;116,9;8,4;2189,80;11,6;Lazslo;0;;0:00:00;0:14:06;0:14:06
T;178;15:02:21;15:02:21;15:02:21;51,05317307;13,7280016;116,5;12,2;2193,30;3,5;Lazslo;0;;0:00:00;0:14:07;0:14:07
T;179;15:02:23;15:02:23;15:02:23;51,05317688;13,72810364;114,5;12,9;2200,40;7,1;Lazslo;0;;0:00:00;0:14:09;0:14:09
T;180;15:02:29;15:02:29;15:02:29;51,05323792;13,72835255;116,9;11,2;2219,20;18,8;Lazslo;0;;0:00:00;0:14:15;0:14:15
T;181;15:02:32;15:02:31;15:02:33;51,05324554;13,72834873;114,1;0;2220,00;0,8;Lazslo;1;10;0:00:02;0:14:17;0:14:19
T;182;15:02:38;15:02:38;15:02:38;51,0532074;13,7282753;113,1;4;2226,70;6,7;Lazslo;0;;0:00:00;0:14:24;0:14:24
T;183;15:02:42;15:02:42;15:02:42;51,0531807;13,72818375;110,2;6,3;2233,80;7,1;Lazslo;0;;0:00:00;0:14:28;0:14:28
T;184;15:02:48;15:02:48;15:02:48;51,05317307;13,72793484;107,3;10,5;2251,30;17,5;Lazslo;0;;0:00:00;0:14:34;0:14:34
T;185;15:02:51;15:02:51;15:02:51;51,05314255;13,7277956;109,2;12,4;2261,60;10,3;Lazslo;0;;0:00:00;0:14:37;0:14:37
T;186;15:02:58;15:02:58;15:02:58;51,05310059;13,72745132;114,1;12,6;2286,20;24,6;Lazslo;0;;0:00:00;0:14:44;0:14:44
T;187;15:03:02;15:03:02;15:03:02;51,05300522;13,72740269;115,5;10;2297,30;11,1;Lazslo;0;;0:00:00;0:14:48;0:14:48
T;188;15:03:05;15:03:05;15:03:05;51,052948;13,72736454;116,9;8,3;2304,20;6,9;Lazslo;0;;0:00:00;0:14:51;0:14:51
T;189;15:03:09;15:03:09;15:03:09;51,05294418;13,72717094;112,1;12,2;2317,80;13,6;Lazslo;0;;0:00:00;0:14:55;0:14:55
T;190;15:03:13;15:03:13;15:03:13;51,0530014;13,72703266;112,1;10,4;2329,40;11,6;Lazslo;0;;0:00:00;0:14:59;0:14:59
T;191;15:03:14;15:03:14;15:03:14;51,05302811;13,7270174;111,7;11,4;2332,60;3,2;Lazslo;0;;0:00:00;0:15:00;0:15:00
T;192;15:03:19;15:03:18;15:03:20;51,05313492;13,72689629;113,1;0;2347,20;14,6;Lazslo;1;11;0:00:02;0:15:04;0:15:06
T;193;15:03:22;15:03:22;15:03:22;51,05315399;13,72686672;113,6;3,6;2350,10;2,9;Lazslo;0;;0:00:00;0:15:08;0:15:08
T;194;15:03:30;15:03:30;15:03:30;51,05314255;13,72695828;113,6;2,9;2356,70;6,6;Lazslo;0;;0:00:00;0:15:16;0:15:16
T;195;15:03:33;15:03:33;15:03:33;51,05316925;13,72696495;113,1;3,6;2359,70;3;Lazslo;0;;0:00:00;0:15:19;0:15:19
T;196;15:03:37;15:03:37;15:03:37;51,0532341;13,72690487;114,1;7,5;2368,10;8,4;Lazslo;0;;0:00:00;0:15:23;0:15:23
T;197;15:03:43;15:03:43;15:03:43;51,05340195;13,72686958;114,5;11,3;2386,90;18,8;Lazslo;0;;0:00:00;0:15:29;0:15:29
T;198;15:03:47;15:03:47;15:03:47;51,05350494;13,72682571;116;10,7;2398,80;11,9;Lazslo;0;;0:00:00;0:15:33;0:15:33
T;199;15:03:54;15:03:54;15:03:54;51,05356598;13,72657204;118,4;9,8;2417,80;19;Lazslo;0;;0:00:00;0:15:40;0:15:40
T;200;15:03:59;15:03:59;15:03:59;51,05358887;13,72636986;118,4;10,3;2432,20;14,4;Lazslo;0;;0:00:00;0:15:45;0:15:45
T;201;15:04:04;15:04:04;15:04:04;51,05355835;13,7261982;121,7;9;2444,70;12,5;Lazslo;0;;0:00:00;0:15:50;0:15:50
T;202;15:04:10;15:04:10;15:04:10;51,05349731;13,72595692;124,6;10,9;2462,90;18,2;Lazslo;0;;0:00:00;0:15:56;0:15:56
T;203;15:04:15;15:04:15;15:04:15;51,05344391;13,72581005;131,8;8,5;2474,80;11,9;Lazslo;0;;0:00:00;0:16:01;0:16:01
T;204;15:04:20;15:04:20;15:04:20;51,05340958;13,72561359;144,8;10,3;2489,10;14,3;Lazslo;0;;0:00:00;0:16:06;0:16:06
T;205;15:04:25;15:04:25;15:04:25;51,05338669;13,72545433;148,2;8,2;2500,60;11,5;Lazslo;0;;0:00:00;0:16:11;0:16:11
T;206;15:04:31;15:04:31;15:04:31;51,05337524;13,72529984;156,8;6,5;2511,50;10,9;Lazslo;0;;0:00:00;0:16:17;0:16:17
T;207;15:04:37;15:04:37;15:04:37;51,05337143;13,72506619;163,1;9,8;2527,90;16,4;Lazslo;0;;0:00:00;0:16:23;0:16:23
T;208;15:04:42;15:04:42;15:04:42;51,05348587;13,72486877;149,6;13,5;2546,70;18,8;Lazslo;0;;0:00:00;0:16:28;0:16:28
T;209;15:04:43;15:04:43;15:04:43;51,05351639;13,72484493;146,7;13,6;2550,50;3,8;Lazslo;0;;0:00:00;0:16:29;0:16:29
T;210;15:04:49;15:04:49;15:04:49;51,05368424;13,72472572;133,3;12,3;2570,90;20,4;Lazslo;0;;0:00:00;0:16:35;0:16:35
T;211;15:04:56;15:04:56;15:04:56;51,05384827;13,72456455;127;11;2592,40;21,5;Lazslo;0;;0:00:00;0:16:42;0:16:42
T;212;15:05:01;15:05:01;15:05:01;51,05398178;13,72450256;122,2;11,1;2607,90;15,5;Lazslo;0;;0:00:00;0:16:47;0:16:47
T;213;15:05:02;15:05:02;15:05:02;51,0540123;13,72450256;121,7;12,2;2611,20;3,3;Lazslo;0;;0:00:00;0:16:48;0:16:48
T;214;15:05:06;15:05:06;15:05:06;51,05410385;13,7246275;118,9;12,1;2624,70;13,5;Lazslo;0;;0:00:00;0:16:52;0:16:52
T;215;15:05:08;15:05:08;15:05:08;51,05412293;13,72469521;116,9;9,3;2629,90;5,2;Lazslo;0;;0:00:00;0:16:54;0:16:54
T;216;15:05:15;15:05:15;15:05:15;51,05414963;13,72497368;112,6;10,1;2649,60;19,7;Lazslo;0;;0:00:00;0:17:01;0:17:01
T;217;15:05:20;15:05:20;15:05:20;51,05419159;13,72516823;114,5;10,4;2664,00;14,4;Lazslo;0;;0:00:00;0:17:06;0:17:06
T;218;15:05:25;15:05:25;15:05:25;51,05414963;13,72536182;115;10,3;2678,40;14,4;Lazslo;0;;0:00:00;0:17:11;0:17:11
T;219;15:05:31;15:05:30;15:05:32;51,05409241;13,72555161;119,3;0;2693,20;14,8;Lazslo;1;12;0:00:02;0:17:16;0:17:18
T;220;15:05:36;15:05:36;15:05:36;51,05410004;13,72554779;123,7;0,6;2694,00;0,8;Lazslo;0;;0:00:00;0:17:22;0:17:22
T;221;15:05:44;15:05:44;15:05:44;51,05419922;13,72543812;128;6;2707,50;13,5;Lazslo;0;;0:00:00;0:17:30;0:17:30
T;222;15:05:45;15:05:45;15:05:45;51,05422592;13,72542667;127;11,1;2710,60;3,1;Lazslo;0;;0:00:00;0:17:31;0:17:31
T;223;15:05:49;15:05:49;15:05:49;51,05429077;13,72553635;123,2;9,5;2721,10;10,5;Lazslo;0;;0:00:00;0:17:35;0:17:35
T;224;15:05:57;15:05:57;15:05:57;51,05430603;13,72589874;119,3;11,4;2746,60;25,5;Lazslo;0;;0:00:00;0:17:43;0:17:43
T;225;15:06:03;15:06:03;15:06:03;51,05427933;13,726161;114,5;11,1;2765,20;18,6;Lazslo;0;;0:00:00;0:17:49;0:17:49
T;226;15:06:07;15:06:07;15:06:07;51,05426025;13,72632217;111,2;10,3;2776,70;11,5;Lazslo;0;;0:00:00;0:17:53;0:17:53
T;227;15:06:13;15:06:13;15:06:13;51,05426788;13,72655678;112,6;9,9;2793,20;16,5;Lazslo;0;;0:00:00;0:17:59;0:17:59
T;228;15:06:14;15:06:14;15:06:14;51,054245;13,72657108;113,6;9,8;2795,90;2,7;Lazslo;0;;0:00:00;0:18:00;0:18:00
T;229;15:06:18;15:06:18;15:06:18;51,05418015;13,72655869;116,5;6,5;2803,20;7,3;Lazslo;0;;0:00:00;0:18:04;0:18:04
T;230;15:06:21;15:06:21;15:06:21;51,05415726;13,72650147;116,5;5,7;2807,90;4,7;Lazslo;0;;0:00:00;0:18:07;0:18:07
T;231;15:06:28;15:06:27;15:06:29;51,05413437;13,72645187;121,7;0;2812,20;4,3;Lazslo;1;13;0:00:02;0:18:13;0:18:15
T;232;15:06:35;15:06:35;15:06:35;51,05415344;13,72651577;124,1;2,5;2817,20;5;Lazslo;0;;0:00:00;0:18:21;0:18:21
T;233;15:06:40;15:06:40;15:06:40;51,05419159;13,72656727;125,1;4;2822,80;5,6;Lazslo;0;;0:00:00;0:18:26;0:18:26
T;234;15:06:47;15:06:47;15:06:47;51,05427933;13,72658348;128,5;5,1;2832,60;9,8;Lazslo;0;;0:00:00;0:18:33;0:18:33
T;235;15:06:50;15:06:50;15:06:50;51,0543251;13,72672367;125,1;13,2;2843,70;11,1;Lazslo;0;;0:00:00;0:18:36;0:18:36
T;236;15:06:52;15:06:52;15:06:52;51,05434036;13,72681618;124,6;12;2850,40;6,7;Lazslo;0;;0:00:00;0:18:38;0:18:38
T;237;15:06:58;15:06:58;15:06:58;51,05436707;13,72710133;121,3;12,1;2870,60;20,2;Lazslo;0;;0:00:00;0:18:44;0:18:44
T;238;15:07:04;15:07:04;15:07:04;51,0543747;13,72738075;118,9;11,7;2890,20;19,6;Lazslo;0;;0:00:00;0:18:50;0:18:50
T;239;15:07:09;15:07:09;15:07:09;51,05437851;13,72761345;117,9;11,7;2906,50;16,3;Lazslo;0;;0:00:00;0:18:55;0:18:55
T;240;15:07:14;15:07:14;15:07:14;51,05433655;13,72780705;115,5;10,3;2920,90;14,4;Lazslo;0;;0:00:00;0:19:00;0:19:00
T;241;15:07:21;15:07:21;15:07:21;51,05413437;13,72806454;114,5;14,8;2949,70;28,8;Lazslo;0;;0:00:00;0:19:07;0:19:07
T;242;15:07:27;15:07:27;15:07:27;51,05396271;13,72801781;126,1;11,6;2969,10;19,4;Lazslo;0;;0:00:00;0:19:13;0:19:13
T;243;15:07:28;15:07:28;15:07:28;51,05392456;13,72799969;129;15,9;2973,50;4,4;Lazslo;0;;0:00:00;0:19:14;0:19:14
T;244;15:07:33;15:07:33;15:07:33;51,05386353;13,72790337;132,8;6,9;2983,10;9,6;Lazslo;0;;0:00:00;0:19:19;0:19:19
T;245;15:07:38;15:07:38;15:07:38;51,05385971;13,72792244;138,6;1;2984,50;1,4;Lazslo;0;;0:00:00;0:19:24;0:19:24
T;246;15:07:41;15:07:41;15:07:41;51,05368042;13,7279911;135,7;24,6;3005,00;20,5;Lazslo;0;;0:00:00;0:19:27;0:19:27
T;247;15:07:45;15:07:45;15:07:45;51,05356216;13,72783661;136,2;15,3;3022,10;17,1;Lazslo;0;;0:00:00;0:19:31;0:19:31
T;248;15:07:49;15:07:49;15:07:49;51,05348969;13,72779274;135,7;7,8;3030,70;8,6;Lazslo;0;;0:00:00;0:19:35;0:19:35
T;249;15:07:57;15:07:57;15:07:57;51,05338669;13,72783947;130,9;5,4;3042,60;11,9;Lazslo;0;;0:00:00;0:19:43;0:19:43
T;250;15:07:59;15:07:58;15:08:01;51,05336762;13,7278614;129;0;3045,20;2,6;Lazslo;1;14;0:00:03;0:19:44;0:19:47
T;251;15:08:03;15:08:03;15:08:03;51,05335999;13,72786999;124,6;0,9;3046,30;1,1;Lazslo;0;;0:00:00;0:19:49;0:19:49
T;252;15:08:08;15:08:08;15:08:08;51,05340958;13,72781372;117,4;4,9;3053,10;6,8;Lazslo;0;;0:00:00;0:19:54;0:19:54
T;253;15:08:15;15:08:15;15:08:15;51,05348206;13,72774124;116,5;4,9;3062,60;9,5;Lazslo;0;;0:00:00;0:20:01;0:20:01
T;254;15:08:17;15:08:17;15:08:17;51,05349731;13,72770786;116,9;5,2;3065,50;2,9;Lazslo;0;;0:00:00;0:20:03;0:20:03
T;255;15:08:22;15:08:22;15:08:22;51,05353928;13,72770214;113,6;3,4;3070,20;4,7;Lazslo;0;;0:00:00;0:20:08;0:20:08
T;256;15:08:27;15:08:27;15:08:27;51,05355454;13,7278738;113,1;8,7;3082,30;12,1;Lazslo;0;;0:00:00;0:20:13;0:20:13
T;257;15:08:31;15:08:31;15:08:31;51,05355072;13,72809219;114,5;13,7;3097,60;15,3;Lazslo;0;;0:00:00;0:20:17;0:20:17
T;258;15:08:36;15:08:36;15:08:36;51,05356598;13,72831726;113,1;11,4;3113,50;15,9;Lazslo;0;;0:00:00;0:20:22;0:20:22
T;259;15:08:41;15:08:41;15:08:41;51,0535965;13,72854805;113,1;11,9;3130,00;16,5;Lazslo;0;;0:00:00;0:20:27;0:20:27
T;260;15:08:49;15:08:49;15:08:49;51,0536232;13,72889042;113,1;10,9;3154,20;24,2;Lazslo;0;;0:00:00;0:20:35;0:20:35
T;261;15:08:51;15:08:51;15:08:51;51,05364609;13,72891998;115;5,9;3157,50;3,3;Lazslo;0;;0:00:00;0:20:37;0:20:37
T;262;15:08:58;15:08:58;15:08:58;51,05367661;13,72900963;116,9;3,7;3164,70;7,2;Lazslo;0;;0:00:00;0:20:44;0:20:44
T;263;15:09:03;15:09:03;15:09:03;51,05356216;13,72917843;116;12,5;3182,00;17,3;Lazslo;0;;0:00:00;0:20:49;0:20:49
T;264;15:09:04;15:09:04;15:09:04;51,05354691;13,72922039;115,5;12,2;3185,40;3,4;Lazslo;0;;0:00:00;0:20:50;0:20:50
T;265;15:09:09;15:09:09;15:09:09;51,05341339;13,72933102;112,6;12,1;3202,20;16,8;Lazslo;0;;0:00:00;0:20:55;0:20:55
T;266;15:09:15;15:09:15;15:09:15;51,05323029;13,72943401;111,7;13;3223,80;21,6;Lazslo;0;;0:00:00;0:21:01;0:21:01
T;267;15:09:20;15:09:20;15:09:20;51,05310059;13,7295208;109,2;11,3;3239,50;15,7;Lazslo;0;;0:00:00;0:21:06;0:21:06
T;268;15:09:25;15:09:25;15:09:25;51,05297852;13,72959614;112,1;10,5;3254,00;14,5;Lazslo;0;;0:00:00;0:21:11;0:21:11
T;269;15:09:28;15:09:28;15:09:28;51,05291367;13,72965145;113,1;9,8;3262,20;8,2;Lazslo;0;;0:00:00;0:21:14;0:21:14
T;270;15:09:33;15:09:33;15:09:33;51,05289841;13,72983265;112,1;9,2;3275,00;12,8;Lazslo;0;;0:00:00;0:21:19;0:21:19
T;271;15:09:35;15:09:35;15:09:35;51,05292511;13,72989655;111,2;9,7;3280,40;5,4;Lazslo;0;;0:00:00;0:21:21;0:21:21
T;272;15:09:41;15:09:41;15:09:41;51,05300522;13,73011112;109,7;10,5;3297,90;17,5;Lazslo;0;;0:00:00;0:21:27;0:21:27
T;273;15:09:46;15:09:46;15:09:46;51,05306625;13,73029709;109,7;10,6;3312,60;14,7;Lazslo;0;;0:00:00;0:21:32;0:21:32
T;274;15:09:50;15:09:50;15:09:50;51,05311966;13,73042965;110,2;9,9;3323,60;11;Lazslo;0;;0:00:00;0:21:36;0:21:36
T;275;15:09:55;15:09:55;15:09:55;51,05319977;13,73059845;110,7;10,6;3338,50;14,9;Lazslo;0;;0:00:00;0:21:41;0:21:41
T;276;15:10:00;15:10:00;15:10:00;51,05326462;13,73074818;112,1;9,2;3351,20;12,7;Lazslo;0;;0:00:00;0:21:46;0:21:46
T;277;15:10:05;15:10:05;15:10:05;51,05330658;13,73090267;111,2;8,5;3363,00;11,8;Lazslo;0;;0:00:00;0:21:51;0:21:51
T;278;15:10:10;15:10:10;15:10:10;51,0533371;13,73105335;110,2;8;3374,10;11,1;Lazslo;0;;0:00:00;0:21:56;0:21:56
T;279;15:10:13;15:10:13;15:10:13;51,05337143;13,73113155;109,7;8;3380,80;6,7;Lazslo;0;;0:00:00;0:21:59;0:21:59
T;280;15:10:19;15:10:19;15:10:19;51,05352402;13,73115063;111,7;10,2;3397,80;17;Lazslo;0;;0:00:00;0:22:05;0:22:05
T;281;15:10:24;15:10:24;15:10:24;51,05363083;13,73119068;113,1;8,8;3410,00;12,2;Lazslo;0;;0:00:00;0:22:10;0:22:10
T;282;15:10:25;15:10:25;15:10:25;51,05364609;13,73118973;113,6;6,1;3411,70;1,7;Lazslo;0;;0:00:00;0:22:11;0:22:11
T;283;15:10:29;15:10:29;15:10:29;51,05370331;13,73128128;112,6;8,1;3420,70;9;Lazslo;0;;0:00:00;0:22:15;0:22:15
T;284;15:10:34;15:10:34;15:10:34;51,05379486;13,7312851;111,7;7,3;3430,90;10,2;Lazslo;0;;0:00:00;0:22:20;0:22:20
T;285;15:10:36;15:10:36;15:10:36;51,05384064;13,73124886;111,7;10,2;3436,60;5,7;Lazslo;0;;0:00:00;0:22:22;0:22:22
T;286;15:10:42;15:10:42;15:10:42;51,05394363;13,73123646;116,5;6,9;3448,10;11,5;Lazslo;0;;0:00:00;0:22:28;0:22:28
T;287;15:10:43;15:10:43;15:10:43;51,05395126;13,73122978;116,5;3,5;3449,10;1;Lazslo;0;;0:00:00;0:22:29;0:22:29
T;288;15:10:47;15:10:47;15:10:47;51,05399704;13,73124313;116,5;4,7;3454,30;5,2;Lazslo;0;;0:00:00;0:22:33;0:22:33
T;289;15:10:52;15:10:52;15:10:52;51,054142;13,73126221;119,3;11,6;3470,40;16,1;Lazslo;0;;0:00:00;0:22:38;0:22:38
T;290;15:10:57;15:10:57;15:10:57;51,05427551;13,7313261;117,9;11,2;3486,00;15,6;Lazslo;0;;0:00:00;0:22:43;0:22:43
T;291;15:11:02;15:11:02;15:11:02;51,05439758;13,73139;118,4;10,3;3500,30;14,3;Lazslo;0;;0:00:00;0:22:48;0:22:48
T;292;15:11:09;15:11:09;15:11:09;51,05452347;13,73159027;113,6;10,2;3520,10;19,8;Lazslo;0;;0:00:00;0:22:55;0:22:55
T;293;15:11:13;15:11:13;15:11:13;51,05456543;13,73174;112,1;10,3;3531,60;11,5;Lazslo;0;;0:00:00;0:22:59;0:22:59
T;294;15:11:18;15:11:18;15:11:18;51,05466843;13,73193359;115;12,8;3549,30;17,7;Lazslo;0;;0:00:00;0:23:04;0:23:04
T;295;15:11:23;15:11:23;15:11:23;51,05472565;13,73210144;113,6;9,6;3562,70;13,4;Lazslo;0;;0:00:00;0:23:09;0:23:09
T;296;15:11:30;15:11:30;15:11:30;51,05475235;13,73234177;111,2;8,8;3579,80;17,1;Lazslo;0;;0:00:00;0:23:16;0:23:16
T;297;15:11:35;15:11:35;15:11:35;51,05477142;13,73251247;111,7;8,7;3592,00;12,2;Lazslo;0;;0:00:00;0:23:21;0:23:21
T;298;15:11:40;15:11:40;15:11:40;51,05476761;13,73267937;111,2;8,4;3603,70;11,7;Lazslo;0;;0:00:00;0:23:26;0:23:26
T;299;15:11:47;15:11:47;15:11:47;51,05476379;13,73291969;111,2;8,6;3620,60;16,9;Lazslo;0;;0:00:00;0:23:33;0:23:33
T;300;15:11:51;15:11:51;15:11:51;51,05474854;13,7330761;112,1;10;3631,70;11,1;Lazslo;0;;0:00:00;0:23:37;0:23:37
T;301;15:11:52;15:11:52;15:11:52;51,05474472;13,73311806;112,1;10,7;3634,60;2,9;Lazslo;0;;0:00:00;0:23:38;0:23:38
T;302;15:11:56;15:11:56;15:11:56;51,05468369;13,73322296;110,2;9;3644,60;10;Lazslo;0;;0:00:00;0:23:42;0:23:42
T;303;15:12:04;15:12:04;15:12:04;51,05453873;13,73338604;108,3;8,9;3664,40;19,8;Lazslo;0;;0:00:00;0:23:50;0:23:50
T;304;15:12:10;15:12:10;15:12:10;51,05441284;13,73348999;108,3;9,5;3680,20;15,8;Lazslo;0;;0:00:00;0:23:56;0:23:56
T;305;15:12:15;15:12:15;15:12:15;51,05433273;13,73354244;106,4;6,9;3689,80;9,6;Lazslo;0;;0:00:00;0:24:01;0:24:01
T;306;15:12:20;15:12:20;15:12:20;51,05429077;13,73357391;106,4;3,7;3695,00;5,2;Lazslo;0;;0:00:00;0:24:06;0:24:06
T;307;15:12:26;15:12:26;15:12:26;51,05419922;13,7336216;104;6,4;3705,70;10,7;Lazslo;0;;0:00:00;0:24:12;0:24:12
T;308;15:12:29;15:12:29;15:12:29;51,05418015;13,73373222;102;9,6;3713,80;8,1;Lazslo;0;;0:00:00;0:24:15;0:24:15
T;309;15:12:36;15:12:36;15:12:36;51,05410004;13,73376942;102,5;4,8;3723,00;9,2;Lazslo;0;;0:00:00;0:24:22;0:24:22
T;310;15:12:37;15:12:37;15:12:37;51,05409241;13,73377037;102;3,1;3723,90;0,9;Lazslo;0;;0:00:00;0:24:23;0:24:23
T;311;15:12:40;15:12:40;15:12:40;51,05405045;13,73371124;107,3;7,5;3730,10;6,2;Lazslo;0;;0:00:00;0:24:26;0:24:26
T;312;15:12:43;15:12:43;15:12:43;51,05403519;13,73359776;110,2;9,7;3738,30;8,2;Lazslo;0;;0:00:00;0:24:29;0:24:29
T;313;15:12:45;15:12:45;15:12:45;51,05402756;13,73356152;113,1;4,8;3741,00;2,7;Lazslo;0;;0:00:00;0:24:31;0:24:31
T;314;15:12:51;15:12:51;15:12:51;51,05398941;13,7334671;116,9;4,7;3748,80;7,8;Lazslo;0;;0:00:00;0:24:37;0:24:37
T;315;15:12:59;15:12:59;15:12:59;51,05394363;13,73331451;116,9;5,3;3760,70;11,9;Lazslo;0;;0:00:00;0:24:45;0:24:45
T;316;15:13:00;15:13:00;15:13:00;51,05393982;13,73329544;116,9;5;3762,10;1,4;Lazslo;0;;0:00:00;0:24:46;0:24:46
T;317;15:13:05;15:13:05;15:13:05;51,05392456;13,73326778;115;1,9;3764,70;2,6;Lazslo;0;;0:00:00;0:24:51;0:24:51
T;318;15:13:13;15:13:13;15:13:13;51,05395126;13,73342705;113,1;5,2;3776,20;11,5;Lazslo;0;;0:00:00;0:24:59;0:24:59
T;319;15:13:18;15:13:18;15:13:18;51,05401993;13,73359394;113,6;10;3790,20;14;Lazslo;0;;0:00:00;0:25:04;0:25:04
T;320;15:13:23;15:13:23;15:13:23;51,05408859;13,7337904;111,7;11,3;3805,90;15,7;Lazslo;0;;0:00:00;0:25:09;0:25:09
T;321;15:13:28;15:13:28;15:13:28;51,05415726;13,73400211;111,2;12;3822,60;16,7;Lazslo;0;;0:00:00;0:25:14;0:25:14
T;322;15:13:33;15:13:33;15:13:33;51,0543251;13,73418427;111,7;16,3;3845,20;22,6;Lazslo;0;;0:00:00;0:25:19;0:25:19
T;323;15:13:38;15:13:38;15:13:38;51,05449677;13,73429298;112,6;14,8;3865,80;20,6;Lazslo;0;;0:00:00;0:25:24;0:25:24
T;324;15:13:41;15:13:41;15:13:41;51,05455017;13,73437977;114,1;10,2;3874,30;8,5;Lazslo;0;;0:00:00;0:25:27;0:25:27
T;325;15:13:46;15:13:46;15:13:46;51,05467987;13,73445892;114,5;11,1;3889,80;15,5;Lazslo;0;;0:00:00;0:25:32;0:25:32
T;326;15:13:51;15:13:51;15:13:51;51,05480194;13,73460484;114,1;12,2;3906,80;17;Lazslo;0;;0:00:00;0:25:37;0:25:37
T;327;15:13:55;15:13:55;15:13:55;51,05486679;13,734725;118,9;10;3917,90;11,1;Lazslo;0;;0:00:00;0:25:41;0:25:41
T;328;15:14:01;15:14:01;15:14:01;51,05497742;13,7349596;117,9;12,3;3938,40;20,5;Lazslo;0;;0:00:00;0:25:47;0:25:47
T;329;15:14:06;15:14:06;15:14:06;51,05503845;13,73511887;117,9;9,4;3951,50;13,1;Lazslo;0;;0:00:00;0:25:52;0:25:52
T;330;15:14:07;15:14:07;15:14:07;51,05505371;13,7351265;117,9;6,4;3953,30;1,8;Lazslo;0;;0:00:00;0:25:53;0:25:53
T;331;15:14:11;15:14:11;15:14:11;51,05510712;13,73511028;121,7;5,4;3959,30;6;Lazslo;0;;0:00:00;0:25:57;0:25:57
T;332;15:14:13;15:14:13;15:14:13;51,05510712;13,73510361;121,7;0,8;3959,80;0,5;Lazslo;0;;0:00:00;0:25:59;0:25:59
T;333;15:14:17;15:14:17;15:14:17;51,05513763;13,73517036;118,9;5,2;3965,60;5,8;Lazslo;0;;0:00:00;0:26:03;0:26:03
T;334;15:14:22;15:14:22;15:14:22;51,055233;13,73518467;116;7,7;3976,20;10,6;Lazslo;0;;0:00:00;0:26:08;0:26:08
T;335;15:14:27;15:14:27;15:14:27;51,055336;13,73516083;116,5;8,3;3987,80;11,6;Lazslo;0;;0:00:00;0:26:13;0:26:13
T;336;15:14:31;15:14:31;15:14:31;51,05537796;13,73518944;112,6;4,6;3992,90;5,1;Lazslo;0;;0:00:00;0:26:17;0:26:17
T;337;15:14:33;15:14:32;15:14:34;51,05538559;13,73522663;112,1;0;3995,60;2,7;Lazslo;1;15;0:00:02;0:26:18;0:26:20
T;338;15:14:37;15:14:37;15:14:37;51,05541229;13,73528862;111,2;4,7;4000,90;5,3;Lazslo;0;;0:00:00;0:26:23;0:26:23
T;339;15:14:42;15:14:42;15:14:42;51,05544663;13,73535919;110,2;4,5;4007,10;6,2;Lazslo;0;;0:00:00;0:26:28;0:26:28
T;340;15:14:49;15:14:48;15:14:51;51,05545807;13,73541164;111,2;0;4011,00;3,9;Lazslo;1;16;0:00:03;0:26:34;0:26:37
T;341;15:15:01;15:15:01;15:15:01;51,05545425;13,73540878;110,7;0,1;4011,50;0,5;Lazslo;0;;0:00:00;0:26:47;0:26:47
T;342;15:15:13;15:15:13;15:15:13;51,05547333;13,73541355;111,2;0,6;4013,60;2,1;Lazslo;0;;0:00:00;0:26:59;0:26:59
T;343;15:15:24;15:15:24;15:15:24;51,05548859;13,73545551;109,2;1,1;4017,00;3,4;Lazslo;0;;0:00:00;0:27:10;0:27:10
T;344;15:15:29;15:15:29;15:15:29;51,05555344;13,73552799;108,8;6,3;4025,90;8,9;Lazslo;0;;0:00:00;0:27:15;0:27:15
T;345;15:15:34;15:15:34;15:15:34;51,05562973;13,73557472;110,2;6,5;4035,00;9,1;Lazslo;0;;0:00:00;0:27:20;0:27:20
T;346;15:15:42;15:15:41;15:15:43;51,05573273;13,73557282;110,7;0;4046,40;11,4;Lazslo;1;17;0:00:02;0:27:27;0:27:29
T;347;15:15:45;15:15:45;15:15:45;51,05575943;13,73555088;110,2;4;4049,80;3,4;Lazslo;0;;0:00:00;0:27:31;0:27:31
T;348;15:15:49;15:15:49;15:15:49;51,05582809;13,73546124;109,2;8,9;4059,70;9,9;Lazslo;0;;0:00:00;0:27:35;0:27:35
T;349;15:15:55;15:15:55;15:15:55;51,05599976;13,73526859;110,2;14;4083,10;23,4;Lazslo;0;;0:00:00;0:27:41;0:27:41
T;350;15:16:00;15:16:00;15:16:00;51,05608368;13,73506165;109,2;12,4;4100,30;17,2;Lazslo;0;;0:00:00;0:27:46;0:27:46
T;351;15:16:07;15:16:07;15:16:07;51,05612564;13,73472214;110,2;12,4;4124,60;24,3;Lazslo;0;;0:00:00;0:27:53;0:27:53
T;352;15:16:11;15:16:11;15:16:11;51,0561142;13,73455143;111,2;10,8;4136,60;12;Lazslo;0;;0:00:00;0:27:57;0:27:57
T;353;15:16:16;15:16:16;15:16:16;51,05609894;13,73431969;112,6;11,7;4152,90;16,3;Lazslo;0;;0:00:00;0:28:02;0:28:02
T;354;15:16:25;15:16:25;15:16:25;51,05607224;13,73394013;115,5;10,7;4179,70;26,8;Lazslo;0;;0:00:00;0:28:11;0:28:11
T;355;15:16:31;15:16:31;15:16:31;51,05601883;13,73372936;117,9;9,5;4195,60;15,9;Lazslo;0;;0:00:00;0:28:17;0:28:17
T;356;15:16:33;15:16:32;15:16:34;51,05601502;13,73365593;120,3;0;4200,80;5,2;Lazslo;1;18;0:00:02;0:28:18;0:28:20
T;357;15:16:39;15:16:39;15:16:39;51,05600357;13,73345566;119,3;8,4;4214,90;14,1;Lazslo;0;;0:00:00;0:28:25;0:28:25
T;358;15:16:42;15:16:42;15:16:42;51,05604935;13,73335171;119,3;10,6;4223,80;8,9;Lazslo;0;;0:00:00;0:28:28;0:28:28
T;359;15:16:48;15:16:48;15:16:48;51,05610657;13,73313713;117,9;9,8;4240,10;16,3;Lazslo;0;;0:00:00;0:28:34;0:28:34
T;360;15:16:52;15:16:52;15:16:52;51,0561142;13,73297882;116;10;4251,30;11,2;Lazslo;0;;0:00:00;0:28:38;0:28:38
T;361;15:16:58;15:16:58;15:16:58;51,05622101;13,73283672;113,1;9,3;4266,80;15,5;Lazslo;0;;0:00:00;0:28:44;0:28:44
T;362;15:17:03;15:17:03;15:17:03;51,05631638;13,73273468;108,8;9,2;4279,60;12,8;Lazslo;0;;0:00:00;0:28:49;0:28:49
T;363;15:17:07;15:17:07;15:17:07;51,05639648;13,73264122;106,8;9,9;4290,60;11;Lazslo;0;;0:00:00;0:28:53;0:28:53
T;364;15:17:13;15:17:13;15:17:13;51,05651856;13,73247814;105,4;10,6;4308,40;17,8;Lazslo;0;;0:00:00;0:28:59;0:28:59
T;365;15:17:19;15:17:19;15:17:19;51,05664825;13,7323637;104,9;9,9;4324,90;16,5;Lazslo;0;;0:00:00;0:29:05;0:29:05
T;366;15:17:25;15:17:25;15:17:25;51,05678177;13,73228359;104;9,5;4340,80;15,9;Lazslo;0;;0:00:00;0:29:11;0:29:11
T;367;15:17:27;15:17:27;15:17:27;51,05681992;13,73225784;103;8,3;4345,40;4,6;Lazslo;0;;0:00:00;0:29:13;0:29:13
T;368;15:17:32;15:17:32;15:17:32;51,05693054;13,73220635;103,5;9,2;4358,20;12,8;Lazslo;0;;0:00:00;0:29:18;0:29:18
T;369;15:17:36;15:17:36;15:17:36;51,05701447;13,73223972;104;8,7;4367,80;9,6;Lazslo;0;;0:00:00;0:29:22;0:29:22
T;370;15:17:40;15:17:40;15:17:40;51,05709457;13,73227024;108,8;8,2;4377,00;9,2;Lazslo;0;;0:00:00;0:29:26;0:29:26
T;371;15:17:46;15:17:46;15:17:46;51,05720139;13,73239136;107,8;8,8;4391,60;14,6;Lazslo;0;;0:00:00;0:29:32;0:29:32
T;372;15:17:51;15:17:51;15:17:51;51,05729294;13,73250294;107,8;9,2;4404,50;12,9;Lazslo;0;;0:00:00;0:29:37;0:29:37
T;373;15:17:54;15:17:54;15:17:54;51,05731964;13,73258114;108,3;7,5;4410,70;6,2;Lazslo;0;;0:00:00;0:29:40;0:29:40
T;374;15:17:59;15:17:59;15:17:59;51,05739212;13,73254204;109,7;6,1;4419,20;8,5;Lazslo;0;;0:00:00;0:29:45;0:29:45
T;375;15:18:05;15:18:05;15:18:05;51,05751038;13,73241615;113,6;9,5;4435,00;15,8;Lazslo;0;;0:00:00;0:29:51;0:29:51
T;376;15:18:07;15:18:07;15:18:07;51,05754852;13,73237515;113,6;9,2;4440,20;5,2;Lazslo;0;;0:00:00;0:29:53;0:29:53
T;377;15:18:12;15:18:11;15:18:13;51,05755234;13,73232937;113,6;0;4443,40;3,2;Lazslo;1;19;0:00:02;0:29:57;0:29:59
T;378;15:18:13;15:18:13;15:18:13;51,05755997;13,73232937;114,1;3,1;4444,30;0,9;Lazslo;0;;0:00:00;0:29:59;0:29:59
T;379;15:18:18;15:18:18;15:18:18;51,05763626;13,73234081;116,9;6,1;4452,80;8,5;Lazslo;0;;0:00:00;0:30:04;0:30:04
T;380;15:18:25;15:18:25;15:18:25;51,05783463;13,73240757;122,7;11,6;4475,30;22,5;Lazslo;0;;0:00:00;0:30:11;0:30:11
T;381;15:18:31;15:18:31;15:18:31;51,05801773;13,73248768;124,1;12,7;4496,50;21,2;Lazslo;0;;0:00:00;0:30:17;0:30:17
T;382;15:18:37;15:18:37;15:18:37;51,05817795;13,73253536;123,2;10,9;4514,60;18,1;Lazslo;0;;0:00:00;0:30:23;0:30:23
T;383;15:18:40;15:18:39;15:18:41;51,05820465;13,73254395;122,7;0;4517,60;3;Lazslo;1;20;0:00:02;0:30:25;0:30:27
T;384;15:18:45;15:18:45;15:18:45;51,05822754;13,73238373;121,7;8,3;4529,20;11,6;Lazslo;0;;0:00:00;0:30:31;0:30:31
T;385;15:18:50;15:18:50;15:18:50;51,0582428;13,73226166;121,3;6,3;4537,90;8,7;Lazslo;0;;0:00:00;0:30:36;0:30:36
T;386;15:18:57;15:18:57;15:18:57;51,05827713;13,73222542;119,8;2,4;4542,50;4,6;Lazslo;0;;0:00:00;0:30:43;0:30:43
T;387;15:19:02;15:19:02;15:19:02;51,05829239;13,73219204;122,2;2,1;4545,40;2,9;Lazslo;0;;0:00:00;0:30:48;0:30:48
T;388;15:19:07;15:19:07;15:19:07;51,0582962;13,73215199;121,7;2;4548,20;2,8;Lazslo;0;;0:00:00;0:30:53;0:30:53
T;389;15:19:08;15:19:08;15:19:13;51,05830383;13,73214245;120,8;0;4549,30;1,1;Lazslo;1;21;0:00:05;0:30:54;0:30:59
T;390;15:19:20;15:19:20;15:19:20;51,05847168;13,73180866;118,9;9,4;4579,50;30,2;Lazslo;0;;0:00:00;0:31:06;0:31:06
T;391;15:19:23;15:19:23;15:19:23;51,05849838;13,73170853;119,8;9,1;4587,20;7,7;Lazslo;0;;0:00:00;0:31:09;0:31:09
T;392;15:19:28;15:19:28;15:19:28;51,05856705;13,73160172;120,8;7,7;4597,90;10,7;Lazslo;0;;0:00:00;0:31:14;0:31:14
T;393;15:19:33;15:19:33;15:19:33;51,05870056;13,73149204;122,2;12;4614,60;16,7;Lazslo;0;;0:00:00;0:31:19;0:31:19
T;394;15:19:38;15:19:38;15:19:38;51,05883026;13,73140335;123,7;11,3;4630,30;15,7;Lazslo;0;;0:00:00;0:31:24;0:31:24
T;395;15:19:42;15:19:42;15:19:42;51,058918;13,73134804;126,6;9,4;4640,80;10,5;Lazslo;-1;22;0:00:00;0:31:28;0:31:28