type;id;time;arrival;departure;latitude;longitude;altitude;speed;distance;distance_interval;name;stop;stop id;stop time
T;1;14:47:08;14:47:08;14:47:08;51,057475;13,731043;92;0;0;0;MJ;-1;;0:00:00
T;2;14:47:30;14:47:30;14:47:30;51,057502;13,731059;92;0,5;3,2;3,21;MJ;0;;0:00:00
T;3;14:47:32;14:47:32;14:47:32;51,057553;13,73101;92;11,9;9,8;6,63;MJ;0;;0:00:00
T;4;14:47:34;14:47:34;14:47:34;51,057603;13,730928;92;14,4;17,8;8;MJ;0;;0:00:00
T;5;14:47:36;14:47:36;14:47:36;51,057623;13,73082;92;14,2;25,7;7,89;MJ;0;;0:00:00
T;6;14:47:38;14:47:38;14:47:38;51,057623;13,730734;92;10,8;31,8;6,03;MJ;0;;0:00:00
T;7;14:47:40;14:47:40;14:47:40;51,057654;13,730673;92;9,9;37,3;5,49;MJ;0;;0:00:00
T;8;14:47:42;14:47:42;14:47:42;51,057694;13,730634;92;9,4;42,5;5,22;MJ;0;;0:00:00
T;9;14:47:44;14:47:44;14:47:44;51,057733;13,730599;92;9;47,5;4,98;MJ;0;;0:00:00
T;10;14:47:46;14:47:46;14:47:46;51,057766;13,730541;92;9,8;52,9;5,48;MJ;0;;0:00:00
T;11;14:47:48;14:47:48;14:47:48;51,057819;13,730482;92;12,9;60,1;7,2;MJ;0;;0:00:00
T;12;14:47:50;14:47:50;14:47:50;51,057883;13,730422;92;14,9;68,4;8,27;MJ;0;;0:00:00
T;13;14:47:52;14:47:52;14:47:52;51,057919;13,730321;92;14,6;76,5;8,14;MJ;0;;0:00:00
T;14;14:47:54;14:47:54;14:47:54;51,057949;13,730216;92;14,5;84,6;8,08;MJ;0;;0:00:00
T;15;14:47:56;14:47:56;14:47:56;51,057962;13,730126;92;11,6;91,1;6,47;MJ;0;;0:00:00
T;16;14:47:58;14:47:58;14:47:58;51,057946;13,730043;92;10,9;97,2;6,09;MJ;0;;0:00:00
T;17;14:47:59;14:47:59;14:47:59;51,057912;13,729957;92;25,6;104,3;7,12;MJ;0;;0:00:00
T;18;14:48:02;14:48:02;14:48:02;51,057884;13,729886;92;7;110,2;5,87;MJ;0;;0:00:00
T;19;14:48:04;14:48:04;14:48:04;51,057872;13,729784;92;13,1;117,5;7,27;MJ;0;;0:00:00
T;20;14:48:06;14:48:06;14:48:06;51,057855;13,729647;92;17,6;127,2;9,79;MJ;0;;0:00:00
T;21;14:48:08;14:48:08;14:48:18;51,057844;13,729553;92;0;133,9;6,7;MJ;1;1;0:00:10
T;27;14:48:20;14:48:20;14:48:20;51,057808;13,729598;92;9,8;152,5;18,6;MJ;0;;0:00:00
T;28;14:48:22;14:48:22;14:48:22;51,057732;13,729611;92;15,3;161;8,5;MJ;0;;0:00:00
T;29;14:48:24;14:48:24;14:48:24;51,057654;13,729638;92;16;169,8;8,8;MJ;0;;0:00:00
T;30;14:48:26;14:48:26;14:48:26;51,057586;13,729669;92;14,2;177,7;7,9;MJ;0;;0:00:00
T;31;14:48:28;14:48:28;14:48:28;51,057528;13,729689;92;11,9;184,3;6,6;MJ;0;;0:00:00
T;32;14:48:30;14:48:30;14:48:30;51,057471;13,729706;92;11,6;190,8;6,5;MJ;0;;0:00:00
T;33;14:48:32;14:48:32;14:48:32;51,057417;13,729728;92;11,2;197;6,2;MJ;0;;0:00:00
T;34;14:48:34;14:48:34;14:48:34;51,057372;13,729696;92;9,9;202,5;5,5;MJ;0;;0:00:00
T;35;14:48:36;14:48:36;14:48:36;51,057347;13,72968;92;5,4;205,5;3;MJ;0;;0:00:00
T;36;14:48:40;14:48:40;14:48:40;51,057317;13,729674;92;3;208,8;3,3;MJ;0;;0:00:00
T;37;14:48:42;14:48:42;14:48:42;51,057274;13,729622;92;10,8;214,8;6;MJ;0;;0:00:00
T;38;14:48:44;14:48:44;14:48:44;51,057217;13,729555;92;14,2;222,7;7,9;MJ;0;;0:00:00
T;39;14:48:46;14:48:46;14:48:46;51,05714;13,729518;92;16,1;231,7;9;MJ;0;;0:00:00
T;40;14:48:48;14:48:48;14:48:48;51,057049;13,7295;92;18,4;241,9;10,2;MJ;0;;0:00:00
T;41;14:48:50;14:48:50;14:48:50;51,056967;13,729538;92;17,1;251,4;9,5;MJ;0;;0:00:00
T;42;14:48:51;14:48:51;14:48:51;51,056926;13,729569;92;18,2;256,4;5;MJ;0;;0:00:00
T;43;14:48:52;14:48:52;14:48:52;51,056887;13,729597;92;17,1;261,2;4,8;MJ;0;;0:00:00
T;44;14:48:54;14:48:54;14:48:54;51,056822;13,729651;92;14,7;269,4;8,2;MJ;0;;0:00:00
T;45;14:48:56;14:48:56;14:48:56;51,056762;13,729704;92;13,7;277;7,6;MJ;0;;0:00:00
T;46;14:48:58;14:48:58;14:48:58;51,056709;13,729754;92;12,3;283,9;6,9;MJ;0;;0:00:00
T;47;14:48:59;14:48:59;14:48:59;51,056637;13,729803;92;31,3;292,6;8,7;MJ;0;;0:00:00
T;48;14:49:02;14:49:02;14:49:02;51,056566;13,729857;92;10,5;301,3;8,7;MJ;0;;0:00:00
T;49;14:49:03;14:49:03;14:49:03;51,05651;13,729943;92;31,2;310;8,7;MJ;0;;0:00:00
T;50;14:49:06;14:49:06;14:49:06;51,056498;13,730057;92;9,7;318,1;8,1;MJ;0;;0:00:00
T;51;14:49:08;14:49:08;14:49:08;51,056475;13,730167;92;14,6;326,2;8,1;MJ;0;;0:00:00
T;52;14:49:10;14:49:10;14:49:10;51,05643;13,730254;92;14,2;334,1;7,9;MJ;0;;0:00:00
T;53;14:49:12;14:49:12;14:49:12;51,056367;13,730307;92;14,3;342,1;8;MJ;0;;0:00:00
T;54;14:49:14;14:49:14;14:49:14;51,056304;13,730286;92;12,9;349,2;7,1;MJ;0;;0:00:00
T;55;14:49:16;14:49:16;14:49:16;51,056261;13,730221;92;11,9;355,8;6,6;MJ;0;;0:00:00
T;56;14:49:18;14:49:18;14:49:18;51,056217;13,730145;92;13;363,1;7,3;MJ;0;;0:00:00
T;57;14:49:20;14:49:20;14:49:20;51,056181;13,730078;92;11,1;369,2;6,1;MJ;0;;0:00:00
T;58;14:49:22;14:49:22;14:49:22;51,056147;13,72999;92;13;376,5;7,3;MJ;0;;0:00:00
T;59;14:49:24;14:49:24;14:49:24;51,056156;13,729896;92;12;383,1;6,6;MJ;0;;0:00:00
T;60;14:49:26;14:49:26;14:49:26;51,056205;13,729815;92;14,1;391;7,9;MJ;0;;0:00:00
T;61;14:49:28;14:49:28;14:49:28;51,056254;13,72972;92;15,5;399,6;8,6;MJ;0;;0:00:00
T;62;14:49:30;14:49:30;14:49:30;51,056303;13,729635;92;14,5;407,7;8,1;MJ;0;;0:00:00
T;63;14:49:32;14:49:32;14:49:32;51,056348;13,729546;92;14,4;415,7;8;MJ;0;;0:00:00
T;64;14:49:34;14:49:34;14:49:34;51,056393;13,729469;92;13,2;423,1;7,4;MJ;0;;0:00:00
T;65;14:49:36;14:49:36;14:49:36;51,05643;13,729378;92;13,6;430,7;7,6;MJ;0;;0:00:00
T;66;14:49:38;14:49:38;14:49:38;51,056476;13,729302;92;13,3;438;7,3;MJ;0;;0:00:00
T;67;14:49:40;14:49:40;14:49:40;51,056528;13,72927;92;11,2;444,2;6,2;MJ;0;;0:00:00
T;68;14:49:42;14:49:41;14:49:43;51,056561;13,729282;92;6,8;448;3,8;MJ;1;2;0:00:02
T;69;14:49:44;14:49:44;14:49:44;51,056589;13,729257;92;6,4;451,6;3,6;MJ;0;;0:00:00
T;70;14:49:46;14:49:46;14:49:46;51,056608;13,72924;92;4,4;454;2,4;MJ;0;;0:00:00
T;71;14:49:48;14:49:48;14:49:48;51,056626;13,729208;92;5,4;457;3;MJ;0;;0:00:00
T;72;14:49:50;14:49:50;14:49:50;51,056631;13,729132;92;9,6;462,4;5,4;MJ;0;;0:00:00
T;73;14:49:52;14:49:52;14:49:52;51,056632;13,729028;92;13,1;469,7;7,3;MJ;0;;0:00:00
T;74;14:49:54;14:49:54;14:49:54;51,056603;13,728964;92;9,9;475,2;5,5;MJ;0;;0:00:00
T;75;14:49:56;14:49:56;14:49:56;51,056546;13,728918;92;12,8;482,3;7,1;MJ;0;;0:00:00
T;76;14:49:58;14:49:58;14:49:58;51,056502;13,728817;92;15,5;490,9;8,6;MJ;0;;0:00:00
T;77;14:50:00;14:50:00;14:50:00;51,056483;13,728698;92;15,4;499,5;8,6;MJ;0;;0:00:00
T;78;14:50:02;14:50:02;14:50:02;51,056439;13,728551;92;20,5;510,9;11,4;MJ;0;;0:00:00
T;79;14:50:04;14:50:04;14:50:04;51,056438;13,728427;92;15,6;519,6;8,7;MJ;0;;0:00:00
T;80;14:50:06;14:50:06;14:50:06;51,056466;13,728342;92;12,1;526,4;6,8;MJ;0;;0:00:00
T;81;14:50:08;14:50:08;14:50:08;51,056535;13,728287;92;15,4;534,9;8,5;MJ;0;;0:00:00
T;82;14:50:10;14:50:10;14:50:10;51,056626;13,72821;92;20,6;546,4;11,5;MJ;0;;0:00:00
T;83;14:50:12;14:50:12;14:50:12;51,056694;13,728121;92;17,6;556,2;9,8;MJ;0;;0:00:00
T;84;14:50:13;14:50:13;14:50:13;51,056732;13,728005;92;32,9;565,4;9,2;MJ;0;;0:00:00
T;85;14:50:16;14:50:16;14:50:16;51,056784;13,727885;92;12,2;575,6;10,2;MJ;0;;0:00:00
T;86;14:50:17;14:50:17;14:50:17;51,056805;13,727813;92;20;581,2;5,6;MJ;0;;0:00:00
T;87;14:50:20;14:50:20;14:50:20;51,056807;13,727749;92;5,4;585,7;4,5;MJ;0;;0:00:00
T;88;14:50:22;14:50:22;14:50:22;51,056817;13,727644;92;13,4;593,1;7,4;MJ;0;;0:00:00
T;89;14:50:24;14:50:24;14:50:24;51,056848;13,727519;92;16,9;602,5;9,4;MJ;0;;0:00:00
T;90;14:50:26;14:50:26;14:50:26;51,056858;13,72742;92;12,6;609,5;7;MJ;0;;0:00:00
T;91;14:50:28;14:50:28;14:50:28;51,056858;13,727321;92;12,5;616,5;7;MJ;0;;0:00:00
T;92;14:50:30;14:50:30;14:50:30;51,056856;13,727225;92;12,1;623,2;6,7;MJ;0;;0:00:00
T;93;14:50:32;14:50:32;14:50:32;51,056866;13,727122;92;13,1;630,5;7,3;MJ;0;;0:00:00
T;94;14:50:34;14:50:34;14:50:34;51,056879;13,727009;92;14,5;638,6;8,1;MJ;0;;0:00:00
T;95;14:50:36;14:50:36;14:50:36;51,056891;13,726909;92;12,8;645,7;7,1;MJ;0;;0:00:00
T;96;14:50:38;14:50:38;14:50:38;51,056901;13,726839;92;9;650,8;5,1;MJ;0;;0:00:00
T;97;14:50:42;14:50:42;14:50:42;51,056878;13,72685;92;2,4;653,4;2,6;MJ;0;;0:00:00
T;98;14:50:46;14:50:46;14:50:46;51,05692;13,726981;92;9,3;663,7;10,3;MJ;0;;0:00:00
T;99;14:50:48;14:50:48;14:50:48;51,056992;13,727067;92;18;673,8;10,1;MJ;0;;0:00:00
T;100;14:50:50;14:50:50;14:50:50;51,057099;13,727118;92;22,4;686,2;12,4;MJ;0;;0:00:00
T;101;14:50:51;14:50:51;14:50:51;51,057154;13,727135;92;22,4;692,4;6,2;MJ;0;;0:00:00
T;102;14:50:53;14:50:53;14:50:53;51,057214;13,727166;92;12,6;699,4;7;MJ;0;;0:00:00
T;103;14:50:55;14:50:55;14:50:55;51,057228;13,727193;92;4,4;701,9;2,5;MJ;0;;0:00:00
T;104;14:50:57;14:50:57;14:50:57;51,057235;13,72721;92;2,6;703,3;1,4;MJ;0;;0:00:00
T;105;14:50:59;14:50:59;14:50:59;51,057259;13,72721;92;4,8;706;2,7;MJ;0;;0:00:00
T;106;14:51:01;14:51:01;14:51:01;51,057278;13,727198;92;4,1;708,3;2,3;MJ;0;;0:00:00
T;107;14:51:03;14:51:03;14:52:04;51,057305;13,727192;92;5,5;711,3;3;MJ;1;3;0:01:01
T;133;14:52:06;14:52:06;14:52:06;51,057275;13,727195;92;3;776;64,7;MJ;0;;0:00:00
T;134;14:52:08;14:52:08;14:52:08;51,057268;13,727215;92;2,9;777,6;1,6;MJ;0;;0:00:00
T;135;14:52:12;14:52:12;14:52:12;51,057273;13,727227;92;0,9;778,6;1;MJ;0;;0:00:00
T;136;14:52:14;14:52:14;14:52:14;51,057262;13,727233;92;2,3;779,9;1,3;MJ;0;;0:00:00
T;137;14:52:16;14:52:16;14:52:16;51,057238;13,727222;92;5;782,6;2,7;MJ;0;;0:00:00
T;138;14:52:18;14:52:18;14:52:18;51,057222;13,727208;92;3,7;784,7;2,1;MJ;0;;0:00:00
T;139;14:52:20;14:52:20;14:52:20;51,057214;13,727148;92;7,7;789;4,3;MJ;0;;0:00:00
T;140;14:52:22;14:52:22;14:52:22;51,057253;13,727081;92;11,5;795,4;6,4;MJ;0;;0:00:00
T;141;14:52:24;14:52:24;14:52:24;51,057292;13,727046;92;9;800,4;5;MJ;0;;0:00:00
T;142;14:52:26;14:52:26;14:52:26;51,057309;13,726999;92;6,8;804,2;3,8;MJ;0;;0:00:00
T;143;14:52:28;14:52:28;14:52:28;51,057251;13,726915;92;15,7;812,9;8,7;MJ;0;;0:00:00
T;144;14:52:30;14:52:30;14:52:30;51,057167;13,726763;92;25,5;827,1;14,2;MJ;0;;0:00:00
T;145;14:52:32;14:52:32;14:52:32;51,05711;13,726633;92;19,9;838,2;11,1;MJ;0;;0:00:00
T;146;14:52:33;14:52:33;14:52:33;51,057087;13,726593;92;13,6;842;3,8;MJ;0;;0:00:00
T;147;14:52:35;14:52:35;14:52:35;51,057021;13,726544;92;14,6;850,1;8,1;MJ;0;;0:00:00
T;148;14:52:37;14:52:37;14:52:37;51,05698;13,726523;92;8,6;854,9;4,8;MJ;0;;0:00:00
T;149;14:52:39;14:52:39;14:52:39;51,056945;13,726498;92;7,7;859,1;4,2;MJ;0;;0:00:00
T;150;14:52:41;14:52:41;14:52:41;51,056923;13,726483;92;4,8;861,8;2,7;MJ;0;;0:00:00
T;151;14:52:43;14:52:43;14:52:43;51,056859;13,726474;92;12,9;868,9;7,1;MJ;0;;0:00:00
T;152;14:52:45;14:52:45;14:52:45;51,056838;13,72646;92;4,6;871,5;2,6;MJ;0;;0:00:00
T;153;14:52:47;14:52:47;14:52:47;51,056837;13,726431;92;3,6;873,5;2;MJ;0;;0:00:00
T;154;14:52:51;14:52:51;14:52:51;51,056836;13,726401;92;1,9;875,6;2,1;MJ;0;;0:00:00
T;155;14:52:53;14:52:53;14:52:53;51,056843;13,72639;92;2;876,7;1,1;MJ;0;;0:00:00
T;156;14:52:55;14:52:55;14:52:55;51,056853;13,726388;92;2;877,8;1,1;MJ;0;;0:00:00
T;157;14:52:57;14:52:57;14:53:25;51,056836;13,726407;92;4,2;880,1;2,3;MJ;1;4;0:00:28
T;169;14:53:31;14:53:31;14:53:31;51,056727;13,726366;92;2,5;919,1;39;MJ;0;;0:00:00
T;170;14:53:33;14:53:33;14:53:33;51,056742;13,726307;92;8;923,6;4,5;MJ;0;;0:00:00
T;171;14:53:35;14:53:35;14:53:35;51,056722;13,726291;92;4,5;926,1;2,5;MJ;0;;0:00:00
T;172;14:53:37;14:53:37;14:53:37;51,056688;13,726238;92;9,5;931,4;5,3;MJ;0;;0:00:00
T;173;14:53:39;14:53:39;14:53:39;51,056653;13,726231;92;7,1;935,3;3,9;MJ;0;;0:00:00
T;174;14:53:41;14:53:41;14:53:41;51,056593;13,726256;92;12,4;942,2;6,9;MJ;0;;0:00:00
T;175;14:53:43;14:53:43;14:53:43;51,056529;13,726271;92;12,9;949,4;7,2;MJ;0;;0:00:00
T;176;14:53:44;14:53:44;14:53:44;51,05647;13,726296;92;24,4;956,2;6,8;MJ;0;;0:00:00
T;177;14:53:47;14:53:47;14:53:47;51,056422;13,7263;92;6,4;961,5;5,3;MJ;0;;0:00:00
T;178;14:53:49;14:53:49;14:53:49;51,0564;13,726279;92;5,1;964,4;2,9;MJ;0;;0:00:00
T;179;14:53:50;14:53:50;14:53:50;51,056354;13,726282;92;18,4;969,5;5,1;MJ;0;;0:00:00
T;180;14:53:53;14:53:53;14:53:53;51,056256;13,726249;92;13,4;980,7;11,2;MJ;0;;0:00:00
T;181;14:53:55;14:53:55;14:53:55;51,056151;13,726198;92;22;992,9;12,2;MJ;0;;0:00:00
T;182;14:53:57;14:53:57;14:53:57;51,056076;13,726139;92;16,7;1002,2;9,3;MJ;0;;0:00:00
T;183;14:53:59;14:53:59;14:53:59;51,056008;13,72603;92;19,3;1012,9;10,7;MJ;0;;0:00:00
T;184;14:54:00;14:54:00;14:54:00;51,05593;13,725963;92;35,5;1022,8;9,9;MJ;0;;0:00:00
T;185;14:54:03;14:54:03;14:54:03;51,055844;13,725936;92;11,7;1032,6;9,8;MJ;0;;0:00:00
T;186;14:54:05;14:54:05;14:54:05;51,055796;13,725829;92;16,5;1041,8;9,2;MJ;0;;0:00:00
T;187;14:54:07;14:54:07;14:54:07;51,05576;13,725688;92;19,1;1052,4;10,6;MJ;0;;0:00:00
T;188;14:54:09;14:54:09;14:54:09;51,055727;13,725568;92;16,5;1061,6;9,2;MJ;0;;0:00:00
T;189;14:54:11;14:54:11;14:54:11;51,055676;13,725467;92;16,3;1070,7;9,1;MJ;0;;0:00:00
T;190;14:54:12;14:54:12;14:54:12;51,055619;13,725372;92;33;1079,9;9,2;MJ;0;;0:00:00
T;191;14:54:15;14:54:15;14:54:15;51,05556;13,725281;92;11;1089;9,1;MJ;0;;0:00:00
T;192;14:54:17;14:54:17;14:54:17;51,055512;13,725204;92;13,6;1096,6;7,6;MJ;0;;0:00:00
T;193;14:54:19;14:54:19;14:54:19;51,055446;13,725112;92;17,6;1106,4;9,8;MJ;0;;0:00:00
T;194;14:54:20;14:54:20;14:54:20;51,055397;13,725015;92;31,3;1115,1;8,7;MJ;0;;0:00:00
T;195;14:54:23;14:54:23;14:54:23;51,055407;13,724906;92;9,2;1122,8;7,7;MJ;0;;0:00:00
T;196;14:54:24;14:54:24;14:54:24;51,055449;13,724854;92;21,3;1128,8;6;MJ;0;;0:00:00
T;197;14:54:26;14:54:26;14:54:26;51,055512;13,724786;92;15,2;1137,2;8,4;MJ;0;;0:00:00
T;198;14:54:28;14:54:27;14:54:29;51,055545;13,724691;92;13,7;1144,9;7,7;MJ;1;5;0:00:02
T;199;14:54:30;14:54:30;14:54:30;51,055529;13,724686;92;3,3;1146,7;1,8;MJ;0;;0:00:00
T;200;14:54:32;14:54:32;14:54:32;51,055492;13,724692;92;7,4;1150,8;4,1;MJ;0;;0:00:00
T;201;14:54:34;14:54:34;14:54:34;51,055468;13,724724;92;6,3;1154,3;3,5;MJ;0;;0:00:00
T;202;14:54:36;14:54:36;14:54:36;51,055424;13,724698;92;9,4;1159,5;5,2;MJ;0;;0:00:00
T;203;14:54:38;14:54:38;14:54:38;51,055354;13,724676;92;14,3;1167,5;8;MJ;0;;0:00:00
T;204;14:54:40;14:54:40;14:54:40;51,055275;13,724631;92;16,8;1176,8;9,3;MJ;0;;0:00:00
T;205;14:54:42;14:54:42;14:54:42;51,055223;13,724602;92;11;1182,9;6,1;MJ;0;;0:00:00
T;206;14:54:44;14:54:44;14:54:44;51,055174;13,724582;92;10,1;1188,6;5,7;MJ;0;;0:00:00
T;207;14:54:46;14:54:46;14:54:46;51,055133;13,724527;92;10,7;1194,5;5,9;MJ;0;;0:00:00
T;208;14:54:48;14:54:48;14:54:48;51,05508;13,724431;92;16,1;1203,5;9;MJ;0;;0:00:00
T;209;14:54:50;14:54:50;14:54:50;51,055022;13,724338;92;16,5;1212,6;9,1;MJ;0;;0:00:00
T;210;14:54:52;14:54:52;14:54:52;51,054969;13,724265;92;14;1220,5;7,9;MJ;0;;0:00:00
T;211;14:54:54;14:54:54;14:54:54;51,05491;13,724218;92;13,2;1227,8;7,3;MJ;0;;0:00:00
T;212;14:54:56;14:54:56;14:54:56;51,054845;13,72421;92;13;1235,1;7,3;MJ;0;;0:00:00
T;213;14:54:58;14:54:58;14:54:58;51,054797;13,724187;92;10;1240,6;5,5;MJ;0;;0:00:00
T;214;14:55:00;14:55:00;14:55:00;51,054749;13,724169;92;9,9;1246,1;5,5;MJ;0;;0:00:00
T;215;14:55:02;14:55:02;14:55:02;51,054681;13,724168;92;13,6;1253,7;7,6;MJ;0;;0:00:00
T;216;14:55:04;14:55:04;14:55:04;51,054629;13,724157;92;10,5;1259,5;5,8;MJ;0;;0:00:00
T;217;14:55:06;14:55:06;14:55:06;51,054584;13,724179;92;9,4;1264,8;5,3;MJ;0;;0:00:00
T;218;14:55:08;14:55:08;14:55:08;51,054538;13,724211;92;10,1;1270,3;5,5;MJ;0;;0:00:00
T;219;14:55:10;14:55:10;14:55:10;51,05451;13,724227;92;6;1273,7;3,4;MJ;0;;0:00:00
T;220;14:55:12;14:55:12;14:55:12;51,054471;13,724201;92;8,5;1278,4;4,7;MJ;0;;0:00:00
T;221;14:55:14;14:55:14;14:55:14;51,05444;13,724166;92;7,6;1282,6;4,2;MJ;0;;0:00:00
T;222;14:55:16;14:55:16;14:55:16;51,054426;13,724115;92;7;1286,5;3,9;MJ;0;;0:00:00
T;223;14:55:17;14:55:17;14:55:17;51,054411;13,724094;92;8;1288,7;2,2;MJ;0;;0:00:00
T;224;14:55:20;14:55:20;14:55:20;51,054402;13,724021;92;6,2;1293,9;5,2;MJ;0;;0:00:00
T;225;14:55:22;14:55:22;14:55:22;51,054386;13,723953;92;9,1;1299;5,1;MJ;0;;0:00:00
T;226;14:55:24;14:55:24;14:55:24;51,054368;13,723912;92;6,3;1302,5;3,5;MJ;0;;0:00:00
T;227;14:55:26;14:55:26;14:55:26;51,054338;13,723886;92;6,8;1306,3;3,8;MJ;0;;0:00:00
T;228;14:55:28;14:55:28;14:55:28;51,054313;13,723903;92;5,4;1309,4;3,1;MJ;0;;0:00:00
T;229;14:55:30;14:55:30;14:55:30;51,054289;13,723895;92;4,9;1312,1;2,7;MJ;0;;0:00:00
T;230;14:55:32;14:55:32;14:55:32;51,054286;13,72387;92;3,2;1313,9;1,8;MJ;0;;0:00:00
T;231;14:55:34;14:55:34;14:55:34;51,054279;13,723841;92;3,9;1316;2,1;MJ;0;;0:00:00
T;232;14:55:38;14:55:38;14:55:38;51,054249;13,723843;92;3;1319,4;3,4;MJ;0;;0:00:00
T;233;14:55:40;14:55:40;14:55:40;51,054224;13,723833;92;5,2;1322,3;2,9;MJ;0;;0:00:00
T;234;14:55:42;14:55:42;14:55:42;51,054206;13,723817;92;4,1;1324,5;2,2;MJ;0;;0:00:00
T;235;14:55:44;14:55:43;14:55:45;51,05419;13,723812;92;3,3;1326,4;1,9;MJ;1;7;0:00:02
T;236;14:55:46;14:55:46;14:55:46;51,054206;13,723819;92;3,3;1328,2;1,8;MJ;0;;0:00:00
T;237;14:55:48;14:55:48;14:55:48;51,054219;13,723838;92;3,5;1330,2;2;MJ;0;;0:00:00
T;238;14:55:50;14:55:50;14:55:50;51,054258;13,723858;92;8,2;1334,7;4,5;MJ;0;;0:00:00
T;239;14:55:52;14:55:52;14:55:52;51,054302;13,723857;92;8,8;1339,6;4,9;MJ;0;;0:00:00
T;240;14:55:54;14:55:54;14:55:54;51,054361;13,723898;92;12,9;1346,8;7,2;MJ;0;;0:00:00
T;241;14:55:56;14:55:56;14:55:56;51,054401;13,723934;92;9,2;1351,9;5,1;MJ;0;;0:00:00
T;242;14:55:58;14:55:58;14:55:58;51,054424;13,723983;92;7,7;1356,2;4,3;MJ;0;;0:00:00
T;243;14:56:00;14:56:00;14:56:00;51,05447;13,724004;92;9,6;1361,5;5,3;MJ;0;;0:00:00
T;244;14:56:02;14:56:02;14:56:02;51,054525;13,724;92;11;1367,6;6,1;MJ;0;;0:00:00
T;245;14:56:04;14:56:04;14:56:04;51,054561;13,723999;92;7,2;1371,7;4,1;MJ;0;;0:00:00
T;246;14:56:06;14:56:06;14:56:06;51,054577;13,724007;92;3,4;1373,5;1,8;MJ;0;;0:00:00
T;247;14:56:08;14:56:08;14:56:08;51,054547;13,723998;92;6,1;1376,9;3,4;MJ;0;;0:00:00
T;248;14:56:10;14:56:10;14:56:10;51,054533;13,723965;92;5;1379,7;2,8;MJ;0;;0:00:00
T;249;14:56:12;14:56:12;14:56:12;51,054521;13,723918;92;6,4;1383,3;3,6;MJ;0;;0:00:00
T;250;14:56:13;14:56:13;14:56:13;51,054522;13,723892;92;6,6;1385,1;1,8;MJ;0;;0:00:00
T;251;14:56:15;14:56:15;14:56:15;51,05449;13,72375;92;19;1395,7;10,6;MJ;0;;0:00:00
T;252;14:56:17;14:56:17;14:56:17;51,054485;13,723673;92;9,7;1401,1;5,4;MJ;0;;0:00:00
T;253;14:56:19;14:56:19;14:56:19;51,054503;13,723605;92;9,3;1406,3;5,2;MJ;0;;0:00:00
T;254;14:56:21;14:56:20;14:56:22;51,054504;13,723564;92;5,2;1409,1;2,8;MJ;1;8;0:00:02
T;255;14:56:23;14:56:23;14:56:23;51,054529;13,723571;92;5,1;1412;2,9;MJ;0;;0:00:00
T;256;14:56:25;14:56:25;14:56:25;51,054573;13,723657;92;13,9;1419,7;7,7;MJ;0;;0:00:00
T;257;14:56:27;14:56:27;14:56:27;51,054616;13,723729;92;12,5;1426,7;7;MJ;0;;0:00:00
T;258;14:56:29;14:56:29;14:56:29;51,054639;13,723771;92;7;1430,6;3,9;MJ;0;;0:00:00
T;259;14:56:31;14:56:31;14:56:31;51,054691;13,723759;92;10,5;1436,4;5,8;MJ;0;;0:00:00
T;260;14:56:33;14:56:33;14:56:33;51,054755;13,723771;92;12,9;1443,6;7,2;MJ;0;;0:00:00
T;261;14:56:35;14:56:35;14:56:35;51,054777;13,723762;92;4,5;1446,1;2,5;MJ;0;;0:00:00
T;262;14:56:39;14:56:39;14:56:39;51,054748;13,723801;92;3,8;1450,4;4,3;MJ;0;;0:00:00
T;263;14:56:41;14:56:41;14:56:41;51,054717;13,723823;92;6,8;1454,1;3,7;MJ;0;;0:00:00
T;264;14:56:43;14:56:43;14:56:43;51,054691;13,723863;92;7,2;1458,2;4,1;MJ;0;;0:00:00
T;265;14:56:45;14:56:45;14:56:45;51,054647;13,723943;92;13,4;1465,6;7,4;MJ;0;;0:00:00
T;266;14:56:47;14:56:47;14:56:47;51,054573;13,724062;92;21,1;1477,3;11,7;MJ;0;;0:00:00
T;267;14:56:49;14:56:49;14:56:49;51,054488;13,724163;92;21,2;1489,1;11,8;MJ;0;;0:00:00
T;268;14:56:50;14:56:50;14:56:50;51,054403;13,724239;92;39;1500;10,9;MJ;0;;0:00:00
T;269;14:56:53;14:56:53;14:56:53;51,054329;13,724311;92;11,6;1509,7;9,7;MJ;0;;0:00:00
T;270;14:56:55;14:56:55;14:56:55;51,054247;13,724375;92;18,3;1519,8;10,1;MJ;0;;0:00:00
T;271;14:56:57;14:56:57;14:56:57;51,054168;13,724448;92;18,3;1530;10,2;MJ;0;;0:00:00
T;272;14:56:59;14:56:59;14:56:59;51,054159;13,724526;92;10;1535,6;5,6;MJ;0;;0:00:00
T;273;14:57:01;14:57:01;14:57:01;51,054187;13,724603;92;11,2;1541,8;6,2;MJ;0;;0:00:00
T;274;14:57:03;14:57:03;14:57:03;51,054233;13,724704;92;15,7;1550,5;8,7;MJ;0;;0:00:00
T;275;14:57:05;14:57:05;14:57:05;51,054277;13,724804;92;15,4;1559,1;8,6;MJ;0;;0:00:00
T;276;14:57:07;14:57:07;14:57:07;51,054317;13,724901;92;14,6;1567,2;8,1;MJ;0;;0:00:00
T;277;14:57:09;14:57:09;14:57:09;51,054342;13,724976;92;10,7;1573,1;5,9;MJ;0;;0:00:00
T;278;14:57:11;14:57:11;14:57:11;51,05436;13,725034;92;8,1;1577,7;4,6;MJ;0;;0:00:00
T;279;14:57:13;14:57:13;14:57:13;51,054365;13,72506;92;3,4;1579,6;1,9;MJ;0;;0:00:00
T;280;14:57:15;14:57:15;14:57:15;51,054361;13,725101;92;5,2;1582,5;2,9;MJ;0;;0:00:00
T;281;14:57:17;14:57:17;14:57:17;51,054366;13,725136;92;4,5;1585;2,5;MJ;0;;0:00:00
T;282;14:57:19;14:57:19;14:57:19;51,054374;13,725169;92;4,4;1587,5;2,5;MJ;0;;0:00:00
T;283;14:57:21;14:57:21;14:57:21;51,054382;13,725224;92;7,1;1591,4;3,9;MJ;0;;0:00:00
T;284;14:57:23;14:57:23;14:57:23;51,054392;13,72529;92;8,5;1596,2;4,8;MJ;0;;0:00:00
T;285;14:57:25;14:57:25;14:57:25;51,054415;13,72538;92;12,2;1603;6,8;MJ;0;;0:00:00
T;286;14:57:27;14:57:27;14:57:27;51,054453;13,725484;92;15,1;1611,4;8,4;MJ;0;;0:00:00
T;287;14:57:29;14:57:29;14:57:29;51,054495;13,725621;92;19,2;1622,1;10,7;MJ;0;;0:00:00
T;288;14:57:31;14:57:31;14:57:31;51,054531;13,725763;92;19,3;1632,9;10,8;MJ;0;;0:00:00
T;289;14:57:33;14:57:33;14:57:33;51,054542;13,725903;92;17,8;1642,8;9,9;MJ;0;;0:00:00
T;290;14:57:35;14:57:35;14:57:35;51,054535;13,726013;92;13,9;1650,5;7,7;MJ;0;;0:00:00
T;291;14:57:37;14:57:37;14:57:37;51,054548;13,72605;92;5,3;1653,5;3;MJ;0;;0:00:00
T;292;14:57:39;14:57:39;14:57:39;51,054586;13,726022;92;8,4;1658,1;4,6;MJ;0;;0:00:00
T;293;14:57:41;14:57:41;14:57:41;51,054633;13,725973;92;11,2;1664,4;6,3;MJ;0;;0:00:00
T;294;14:57:43;14:57:43;14:57:43;51,054659;13,725924;92;8,1;1668,9;4,5;MJ;0;;0:00:00
T;295;14:57:45;14:57:45;14:57:45;51,054686;13,725863;92;9,4;1674,1;5,2;MJ;0;;0:00:00
T;296;14:57:47;14:57:47;14:57:47;51,054715;13,725814;92;8,5;1678,8;4,7;MJ;0;;0:00:00
T;297;14:57:49;14:57:49;14:57:49;51,054746;13,725801;92;6,4;1682,4;3,6;MJ;0;;0:00:00
T;298;14:57:52;14:57:52;14:57:52;51,054745;13,725785;92;1,4;1683,5;1,1;MJ;0;;0:00:00
T;299;14:57:56;14:57:56;14:57:56;51,054757;13,72577;92;1,5;1685,2;1,7;MJ;0;;0:00:00
T;300;14:57:58;14:57:58;14:57:58;51,054772;13,725771;92;3;1686,9;1,7;MJ;0;;0:00:00
T;301;14:58:00;14:58:00;14:58:00;51,054796;13,7258;92;6;1690,2;3,3;MJ;0;;0:00:00
T;302;14:58:02;14:58:02;14:58:13;51,054812;13,725875;92;10;1695,8;5,6;MJ;1;9;0:00:11
T;309;14:58:15;14:58:15;14:58:15;51,054861;13,725867;92;4,5;1712,7;16,9;MJ;0;;0:00:00
T;310;14:58:17;14:58:17;14:58:17;51,054845;13,725885;92;3,9;1714,9;2,2;MJ;0;;0:00:00
T;311;14:58:19;14:58:19;14:58:19;51,05479;13,725888;92;11;1721,1;6,2;MJ;0;;0:00:00
T;312;14:58:21;14:58:21;14:58:21;51,054728;13,725927;92;13,3;1728,5;7,4;MJ;0;;0:00:00
T;313;14:58:23;14:58:23;14:58:23;51,054694;13,72599;92;10,4;1734,3;5,8;MJ;0;;0:00:00
T;314;14:58:25;14:58:25;14:58:25;51,054667;13,726062;92;10,5;1740,2;5,9;MJ;0;;0:00:00
T;315;14:58:27;14:58:27;14:58:27;51,054654;13,726129;92;8,8;1745,1;4,9;MJ;0;;0:00:00
T;316;14:58:29;14:58:29;14:58:29;51,054641;13,726195;92;8,7;1749,9;4,8;MJ;0;;0:00:00
T;317;14:58:31;14:58:31;14:58:31;51,054649;13,726255;92;7,7;1754,2;4,3;MJ;0;;0:00:00
T;318;14:58:33;14:58:33;14:58:33;51,054677;13,726325;92;10,4;1760;5,8;MJ;0;;0:00:00
T;319;14:58:35;14:58:35;14:58:35;51,054685;13,726382;92;7,3;1764,1;4,1;MJ;0;;0:00:00
T;320;14:58:37;14:58:37;14:58:37;51,054693;13,726442;92;7,7;1768,4;4,3;MJ;0;;0:00:00
T;321;14:58:39;14:58:39;14:58:39;51,054713;13,726485;92;6,7;1772,2;3,8;MJ;0;;0:00:00
T;322;14:58:41;14:58:41;14:58:41;51,054722;13,726569;92;10,7;1778,2;6;MJ;0;;0:00:00
T;323;14:58:43;14:58:43;14:58:43;51,054729;13,726698;92;16,3;1787,2;9;MJ;0;;0:00:00
T;324;14:58:45;14:58:45;14:58:45;51,054745;13,726839;92;18;1797,3;10,1;MJ;0;;0:00:00
T;325;14:58:47;14:58:47;14:58:47;51,054734;13,72696;92;15,4;1805,8;8,5;MJ;0;;0:00:00
T;326;14:58:49;14:58:49;14:58:49;51,054706;13,727063;92;14,1;1813,7;7,9;MJ;0;;0:00:00
T;327;14:58:51;14:58:51;14:58:51;51,054689;13,727152;92;11,7;1820,2;6,5;MJ;0;;0:00:00
T;328;14:58:53;14:58:53;14:58:53;51,054672;13,727251;92;12,9;1827,4;7,2;MJ;0;;0:00:00
T;329;14:58:55;14:58:55;14:58:55;51,054633;13,727339;92;13,5;1835;7,6;MJ;0;;0:00:00
T;330;14:58:57;14:58:57;14:58:57;51,054597;13,727422;92;12,7;1842;7;MJ;0;;0:00:00
T;331;14:58:59;14:58:59;14:58:59;51,054559;13,727523;92;14,8;1850,3;8,3;MJ;0;;0:00:00
T;332;14:59:01;14:59:01;14:59:01;51,05454;13,727642;92;15,4;1858,9;8,6;MJ;0;;0:00:00
T;333;14:59:03;14:59:03;14:59:03;51,054525;13,727716;92;9,8;1864,3;5,4;MJ;0;;0:00:00
T;334;14:59:05;14:59:05;14:59:05;51,054499;13,727794;92;11,1;1870,5;6,2;MJ;0;;0:00:00
T;335;14:59:07;14:59:07;14:59:07;51,054482;13,72789;92;12,5;1877,5;7;MJ;0;;0:00:00
T;336;14:59:09;14:59:09;14:59:09;51,054466;13,727978;92;11,5;1883,9;6,4;MJ;0;;0:00:00
T;337;14:59:11;14:59:11;14:59:11;51,054457;13,728068;92;11,5;1890,3;6,4;MJ;0;;0:00:00
T;338;14:59:13;14:59:13;14:59:13;51,054461;13,728155;92;11;1896,4;6,1;MJ;0;;0:00:00
T;339;14:59:15;14:59:15;14:59:15;51,05446;13,728197;92;5,3;1899,4;3;MJ;0;;0:00:00
T;340;14:59:17;14:59:17;14:59:17;51,054454;13,728207;92;1,7;1900,4;1;MJ;0;;0:00:00
T;341;14:59:19;14:59:19;14:59:19;51,054426;13,728203;92;5,6;1903,5;3,1;MJ;0;;0:00:00
T;342;14:59:21;14:59:21;14:59:21;51,054383;13,728184;92;8,9;1908,5;5;MJ;0;;0:00:00
T;343;14:59:23;14:59:23;14:59:23;51,054359;13,728159;92;5,7;1911,7;3,2;MJ;0;;0:00:00
T;344;14:59:25;14:59:25;14:59:25;51,054352;13,728142;92;2,6;1913,1;1,4;MJ;0;;0:00:00
T;345;14:59:30;14:59:30;14:59:30;51,054362;13,728152;92;0,9;1914,4;1,3;MJ;0;;0:00:00
T;346;14:59:34;14:59:34;14:59:34;51,054388;13,72817;92;2,8;1917,5;3,1;MJ;0;;0:00:00
T;347;14:59:36;14:59:36;14:59:36;51,054425;13,728202;92;8,4;1922,2;4,7;MJ;0;;0:00:00
T;348;14:59:38;14:59:38;14:59:38;51,054485;13,728334;92;20,5;1933,6;11,4;MJ;0;;0:00:00
T;349;14:59:40;14:59:40;14:59:40;51,054534;13,728482;92;21;1945,4;11,8;MJ;0;;0:00:00
T;350;14:59:42;14:59:42;14:59:42;51,05457;13,728619;92;18,7;1955,8;10,4;MJ;0;;0:00:00
T;351;14:59:44;14:59:44;14:59:44;51,054612;13,728758;92;19,4;1966,6;10,8;MJ;0;;0:00:00
T;352;14:59:46;14:59:46;14:59:46;51,054666;13,728871;92;17,9;1976,5;9,9;MJ;0;;0:00:00
T;353;14:59:48;14:59:48;14:59:48;51,054693;13,728963;92;12,8;1983,6;7,1;MJ;0;;0:00:00
T;354;14:59:50;14:59:50;14:59:50;51,054711;13,729019;92;7,9;1988;4,4;MJ;0;;0:00:00
T;355;14:59:52;14:59:52;14:59:52;51,054717;13,729063;92;5,7;1991,2;3,2;MJ;0;;0:00:00
T;356;14:59:54;14:59:54;14:59:54;51,054701;13,72905;92;3,6;1993,2;2;MJ;0;;0:00:00
T;357;14:59:56;14:59:56;14:59:56;51,05468;13,729033;92;4,7;1995,8;2,6;MJ;0;;0:00:00
T;358;14:59:58;14:59:58;14:59:58;51,05466;13,729015;92;4,6;1998,4;2,6;MJ;0;;0:00:00
T;359;14:59:59;14:59:59;14:59:59;51,054645;13,728974;92;11,9;2001,7;3,3;MJ;0;;0:00:00
T;360;15:00:02;15:00:02;15:00:02;51,05462;13,728897;92;7,3;2007,8;6,1;MJ;0;;0:00:00
T;361;15:00:04;15:00:04;15:00:04;51,05458;13,728782;92;16,5;2017;9,2;MJ;0;;0:00:00
T;362;15:00:06;15:00:06;15:00:06;51,054532;13,728658;92;18,3;2027,2;10,2;MJ;0;;0:00:00
T;363;15:00:08;15:00:08;15:00:08;51,054494;13,728548;92;15,8;2036;8,8;MJ;0;;0:00:00
T;364;15:00:10;15:00:10;15:00:10;51,054455;13,728447;92;14,9;2044,3;8,3;MJ;0;;0:00:00
T;365;15:00:12;15:00:12;15:00:12;51,054407;13,728365;92;14,1;2052,1;7,8;MJ;0;;0:00:00
T;366;15:00:14;15:00:14;15:00:14;51,054357;13,728283;92;14,4;2060,1;8;MJ;0;;0:00:00
T;367;15:00:16;15:00:16;15:00:16;51,054312;13,728224;92;11,7;2066,6;6,5;MJ;0;;0:00:00
T;368;15:00:18;15:00:18;15:00:18;51,054275;13,72819;92;8,6;2071,4;4,8;MJ;0;;0:00:00
T;369;15:00:20;15:00:20;15:00:20;51,05426;13,72819;92;3;2073,1;1,7;MJ;0;;0:00:00
T;370;15:00:22;15:00:22;15:00:22;51,054241;13,728197;92;3,9;2075,2;2,1;MJ;0;;0:00:00
T;371;15:00:24;15:00:24;15:00:24;51,054233;13,728222;92;3,5;2077,2;2;MJ;0;;0:00:00
T;372;15:00:26;15:00:26;15:00:26;51,054242;13,728218;92;1,9;2078,2;1;MJ;0;;0:00:00
T;373;15:00:28;15:00:28;15:00:28;51,054262;13,728182;92;6;2081,6;3,4;MJ;0;;0:00:00
T;374;15:00:30;15:00:30;15:00:30;51,054276;13,728138;92;6,2;2085,1;3,5;MJ;0;;0:00:00
T;375;15:00:32;15:00:32;15:00:32;51,05428;13,728108;92;3,9;2087,2;2,1;MJ;0;;0:00:00
T;376;15:00:34;15:00:34;15:00:34;51,054297;13,728077;92;5,2;2090,1;2,9;MJ;0;;0:00:00
T;377;15:00:36;15:00:36;15:00:36;51,054333;13,727992;92;12,9;2097,3;7,2;MJ;0;;0:00:00
T;378;15:00:38;15:00:38;15:00:38;51,054365;13,727881;92;15,4;2105,8;8,5;MJ;0;;0:00:00
T;379;15:00:39;15:00:39;15:00:39;51,054377;13,727813;92;17,8;2110,8;5;MJ;0;;0:00:00
T;380;15:00:41;15:00:41;15:00:41;51,054392;13,72768;92;17;2120,3;9,5;MJ;0;;0:00:00
T;381;15:00:43;15:00:43;15:00:43;51,054384;13,727558;92;15,4;2128,9;8,6;MJ;0;;0:00:00
T;382;15:00:45;15:00:45;15:00:45;51,054389;13,727447;92;14;2136,7;7,8;MJ;0;;0:00:00
T;383;15:00:47;15:00:47;15:00:47;51,054416;13,727355;92;12,8;2143,8;7,1;MJ;0;;0:00:00
T;384;15:00:49;15:00:49;15:00:49;51,054394;13,727252;92;13,7;2151,4;7,6;MJ;0;;0:00:00
T;385;15:00:51;15:00:51;15:00:51;51,05435;13,727173;92;13,3;2158,8;7,4;MJ;0;;0:00:00
T;386;15:00:59;15:00:59;15:00:59;51,054341;13,727164;92;0,5;2160;1,2;MJ;0;;0:00:00
T;387;15:01:01;15:01:01;15:01:01;51,054306;13,727164;92;7;2163,9;3,9;MJ;0;;0:00:00
T;388;15:01:03;15:01:03;15:01:03;51,054277;13,727165;92;5,8;2167,1;3,2;MJ;0;;0:00:00
T;389;15:01:07;15:01:07;15:01:07;51,054266;13,727173;92;1,2;2168,4;1,3;MJ;0;;0:00:00
T;390;15:01:11;15:01:11;15:01:11;51,054279;13,727175;92;1,3;2169,9;1,5;MJ;0;;0:00:00
T;391;15:01:13;15:01:13;15:01:13;51,054296;13,727214;92;6;2173,2;3,3;MJ;0;;0:00:00
T;392;15:01:15;15:01:15;15:01:15;51,05432;13,727317;92;13,8;2180,9;7,7;MJ;0;;0:00:00
T;393;15:01:17;15:01:17;15:01:17;51,054342;13,72743;92;14,9;2189,2;8,3;MJ;0;;0:00:00
T;394;15:01:19;15:01:19;15:01:19;51,054392;13,727533;92;16,4;2198,3;9,1;MJ;0;;0:00:00
T;395;15:01:21;15:01:21;15:01:21;51,054421;13,727643;92;15;2206,7;8,4;MJ;0;;0:00:00
T;396;15:01:23;15:01:23;15:01:23;51,054423;13,727741;92;12,3;2213,6;6,9;MJ;0;;0:00:00
T;397;15:01:25;15:01:25;15:01:25;51,054411;13,727827;92;11,1;2219,7;6,1;MJ;0;;0:00:00
T;398;15:01:27;15:01:27;15:01:27;51,054407;13,727862;92;4,5;2222,2;2,5;MJ;0;;0:00:00
T;399;15:01:29;15:01:29;15:01:29;51,054414;13,727846;92;2,5;2223,6;1,4;MJ;0;;0:00:00
T;400;15:01:31;15:01:31;15:01:31;51,054409;13,727833;92;1,9;2224,7;1,1;MJ;0;;0:00:00
T;401;15:01:33;15:01:33;15:01:33;51,054384;13,727817;92;5,4;2227,7;3;MJ;0;;0:00:00
T;402;15:01:34;15:01:34;15:01:34;51,054315;13,72782;92;27,6;2235,3;7,6;MJ;0;;0:00:00
T;403;15:01:35;15:01:35;15:01:35;51,054251;13,727842;92;26,2;2242,6;7,3;MJ;0;;0:00:00
T;404;15:01:38;15:01:38;15:01:38;51,054132;13,727883;92;16,2;2256,2;13,6;MJ;0;;0:00:00
T;405;15:01:40;15:01:40;15:01:40;51,053999;13,727922;92;27,1;2271,2;15;MJ;0;;0:00:00
T;406;15:01:41;15:01:41;15:01:41;51,053915;13,727924;92;33,6;2280,6;9,4;MJ;0;;0:00:00
T;407;15:01:44;15:01:44;15:01:44;51,053895;13,727922;92;2,7;2282,8;2,2;MJ;0;;0:00:00
T;408;15:01:46;15:01:46;15:01:46;51,053865;13,727918;92;6;2286,1;3,3;MJ;0;;0:00:00
T;409;15:01:48;15:01:48;15:01:48;51,053839;13,727921;92;5,2;2289;2,9;MJ;0;;0:00:00
T;410;15:01:50;15:01:50;15:01:50;51,053801;13,727913;92;7,7;2293,3;4,3;MJ;0;;0:00:00
T;411;15:01:52;15:01:52;15:01:52;51,053757;13,727894;92;9,1;2298,4;5,1;MJ;0;;0:00:00
T;412;15:01:54;15:01:54;15:01:54;51,053695;13,727882;92;12,5;2305,3;6,9;MJ;0;;0:00:00
T;413;15:01:56;15:01:56;15:01:56;51,053651;13,727826;92;11,3;2311,6;6,3;MJ;0;;0:00:00
T;414;15:01:58;15:01:58;15:01:58;51,053599;13,727769;92;12,6;2318,6;7;MJ;0;;0:00:00
T;415;15:02:00;15:02:00;15:02:00;51,053546;13,727769;92;10,6;2324,5;5,9;MJ;0;;0:00:00
T;416;15:02:02;15:02:02;15:02:02;51,053493;13,727782;92;10,7;2330,5;6;MJ;0;;0:00:00
T;417;15:02:04;15:02:04;15:02:04;51,053468;13,727796;92;5,3;2333,4;2,9;MJ;0;;0:00:00
T;418;15:02:06;15:02:06;15:02:06;51,053432;13,727798;92;7,2;2337,5;4,1;MJ;0;;0:00:00
T;419;15:02:08;15:02:08;15:02:08;51,053395;13,727815;92;7,7;2341,7;4,2;MJ;0;;0:00:00
T;420;15:02:10;15:02:10;15:02:10;51,053326;13,72783;92;13,9;2349,5;7,8;MJ;0;;0:00:00
T;421;15:02:12;15:02:12;15:02:12;51,053268;13,727838;92;11,7;2356;6,5;MJ;0;;0:00:00
T;422;15:02:14;15:02:14;15:02:14;51,053223;13,727832;92;9;2361;5;MJ;0;;0:00:00
T;423;15:02:16;15:02:16;15:02:16;51,053183;13,727844;92;8,1;2365,5;4,5;MJ;0;;0:00:00
T;424;15:02:18;15:02:18;15:02:18;51,053186;13,727902;92;7,3;2369,6;4,1;MJ;0;;0:00:00
T;425;15:02:20;15:02:20;15:02:20;51,053202;13,727972;92;9,4;2374,8;5,2;MJ;0;;0:00:00
T;426;15:02:22;15:02:22;15:02:22;51,05322;13,728055;92;11;2381;6,2;MJ;0;;0:00:00
T;427;15:02:24;15:02:24;15:02:24;51,053238;13,728159;92;13,6;2388,5;7,5;MJ;0;;0:00:00
T;428;15:02:26;15:02:26;15:02:26;51,053263;13,728249;92;12,4;2395,4;6,9;MJ;0;;0:00:00
T;429;15:02:28;15:02:28;15:02:28;51,053276;13,728304;92;7,4;2399,6;4,2;MJ;0;;0:00:00
T;430;15:02:30;15:02:29;15:02:31;51,053299;13,728338;92;6,3;2403,1;3,5;MJ;1;10;0:00:02
T;431;15:02:32;15:02:32;15:02:32;51,053299;13,728291;92;5,9;2406,3;3,2;MJ;0;;0:00:00
T;432;15:02:34;15:02:34;15:02:34;51,053262;13,728265;92;8,1;2410,8;4,5;MJ;0;;0:00:00
T;433;15:02:36;15:02:36;15:02:36;51,053234;13,728268;92;5,6;2414;3,2;MJ;0;;0:00:00
T;434;15:02:38;15:02:38;15:02:38;51,05321;13,728267;92;4,8;2416,6;2,6;MJ;0;;0:00:00
T;435;15:02:40;15:02:40;15:02:40;51,053202;13,728252;92;2,5;2418;1,4;MJ;0;;0:00:00
T;436;15:02:42;15:02:42;15:02:42;51,05319;13,728215;92;5,2;2420,9;2,9;MJ;0;;0:00:00
T;437;15:02:44;15:02:44;15:02:44;51,053182;13,72815;92;8,3;2425,6;4,7;MJ;0;;0:00:00
T;438;15:02:46;15:02:46;15:02:46;51,053169;13,728059;92;11,7;2432,1;6,5;MJ;0;;0:00:00
T;439;15:02:48;15:02:48;15:02:48;51,05313;13,727981;92;12,5;2439,1;7;MJ;0;;0:00:00
T;440;15:02:50;15:02:50;15:02:50;51,05309;13,727908;92;12,2;2445,9;6,8;MJ;0;;0:00:00
T;441;15:02:52;15:02:52;15:02:52;51,053082;13,727796;92;14,2;2453,8;7,9;MJ;0;;0:00:00
T;442;15:02:54;15:02:54;15:02:54;51,053082;13,727694;92;12,8;2460,9;7,1;MJ;0;;0:00:00
T;443;15:02:56;15:02:56;15:02:56;51,053075;13,727593;92;12,8;2468,1;7,2;MJ;0;;0:00:00
T;444;15:02:58;15:02:58;15:02:58;51,053056;13,727481;92;14,6;2476,2;8,1;MJ;0;;0:00:00
T;445;15:02:59;15:02:59;15:02:59;51,05302;13,727462;92;15,2;2480,4;4,2;MJ;0;;0:00:00
T;446;15:03:02;15:03:02;15:03:02;51,052955;13,727477;92;8,8;2487,7;7,3;MJ;0;;0:00:00
T;447;15:03:04;15:03:04;15:03:04;51,052907;13,727489;92;9,7;2493,1;5,4;MJ;0;;0:00:00
T;448;15:03:06;15:03:06;15:03:06;51,052883;13,72743;92;8,8;2498,1;5;MJ;0;;0:00:00
T;449;15:03:08;15:03:08;15:03:08;51,052883;13,727335;92;12;2504,7;6,6;MJ;0;;0:00:00
T;450;15:03:10;15:03:10;15:03:10;51,052914;13,727221;92;15,6;2513,4;8,7;MJ;0;;0:00:00
T;451;15:03:12;15:03:12;15:03:12;51,052954;13,727129;92;14,1;2521,3;7,9;MJ;0;;0:00:00
T;452;15:03:14;15:03:14;15:03:14;51,05301;13,727053;92;14,7;2529,5;8,2;MJ;0;;0:00:00
T;453;15:03:16;15:03:16;15:03:16;51,053061;13,726982;92;13,6;2537;7,5;MJ;0;;0:00:00
T;454;15:03:17;15:03:17;15:03:17;51,053082;13,726955;92;10,8;2540;3;MJ;0;;0:00:00
T;455;15:03:19;15:03:19;15:03:19;51,053106;13,726899;92;8,5;2544,8;4,8;MJ;0;;0:00:00
T;456;15:03:21;15:03:20;15:03:22;51,053106;13,726842;92;7,2;2548,8;4;MJ;1;11;0:00:02
T;457;15:03:25;15:03:25;15:03:25;51,0531;13,726891;92;3,1;2552,3;3,5;MJ;0;;0:00:00
T;458;15:03:27;15:03:27;15:03:27;51,053101;13,726923;92;4;2554,5;2,2;MJ;0;;0:00:00
T;459;15:03:29;15:03:29;15:03:29;51,053111;13,726947;92;3,6;2556,5;2;MJ;0;;0:00:00
T;460;15:03:33;15:03:33;15:03:33;51,053129;13,726931;92;2,1;2558,8;2,3;MJ;0;;0:00:00
T;461;15:03:35;15:03:35;15:03:35;51,053156;13,726911;92;6;2562,1;3,3;MJ;0;;0:00:00
T;462;15:03:37;15:03:37;15:03:37;51,053192;13,726907;92;7,2;2566,1;4;MJ;0;;0:00:00
T;463;15:03:39;15:03:39;15:03:39;51,053243;13,726898;92;10,3;2571,9;5,8;MJ;0;;0:00:00
T;464;15:03:41;15:03:41;15:03:41;51,053296;13,72687;92;11,2;2578,1;6,2;MJ;0;;0:00:00
T;465;15:03:43;15:03:43;15:03:43;51,053345;13,726846;92;10,3;2583,8;5,7;MJ;0;;0:00:00
T;466;15:03:45;15:03:45;15:03:45;51,053395;13,726849;92;10;2589,3;5,5;MJ;0;;0:00:00
T;467;15:03:47;15:03:47;15:03:47;51,053438;13,726851;92;8,6;2594,1;4,8;MJ;0;;0:00:00
T;468;15:03:49;15:03:49;15:03:49;51,053469;13,726826;92;7;2598;3,9;MJ;0;;0:00:00
T;469;15:03:51;15:03:51;15:03:51;51,053502;13,726776;92;9,1;2603,1;5,1;MJ;0;;0:00:00
T;470;15:03:53;15:03:53;15:03:53;51,053514;13,726717;92;7,8;2607,4;4,3;MJ;0;;0:00:00
T;471;15:03:55;15:03:55;15:03:55;51,053528;13,726661;92;7,6;2611,6;4,2;MJ;0;;0:00:00
T;472;15:03:57;15:03:57;15:03:57;51,053538;13,726594;92;8,7;2616,5;4,9;MJ;0;;0:00:00
T;473;15:03:59;15:03:59;15:03:59;51,053546;13,72652;92;9,4;2621,7;5,2;MJ;0;;0:00:00
T;474;15:04:01;15:04:01;15:04:01;51,053556;13,726462;92;7,6;2626;4,3;MJ;0;;0:00:00
T;475;15:04:03;15:04:03;15:04:03;51,053557;13,726383;92;9,9;2631,5;5,5;MJ;0;;0:00:00
T;476;15:04:05;15:04:05;15:04:05;51,053542;13,726305;92;10,3;2637,2;5,7;MJ;0;;0:00:00
T;477;15:04:07;15:04:07;15:04:07;51,053532;13,726226;92;10,1;2642,9;5,7;MJ;0;;0:00:00
T;478;15:04:09;15:04:09;15:04:09;51,053511;13,726145;92;11;2649;6,1;MJ;0;;0:00:00
T;479;15:04:11;15:04:11;15:04:11;51,053496;13,72608;92;8,7;2653,9;4,9;MJ;0;;0:00:00
T;480;15:04:13;15:04:13;15:04:13;51,053486;13,72601;92;9;2658,9;5;MJ;0;;0:00:00
T;481;15:04:15;15:04:15;15:04:15;51,053461;13,725912;92;13,3;2666,3;7,4;MJ;0;;0:00:00
T;482;15:04:17;15:04:17;15:04:17;51,05343;13,725781;92;17,6;2676,1;9,8;MJ;0;;0:00:00
T;483;15:04:19;15:04:19;15:04:19;51,053405;13,725669;92;15;2684,4;8,3;MJ;0;;0:00:00
T;484;15:04:21;15:04:21;15:04:21;51,053383;13,725576;92;12,5;2691,4;7;MJ;0;;0:00:00
T;485;15:04:23;15:04:23;15:04:23;51,053377;13,725489;92;11;2697,5;6,1;MJ;0;;0:00:00
T;486;15:04:25;15:04:25;15:04:25;51,053368;13,725404;92;10,8;2703,6;6,1;MJ;0;;0:00:00
T;487;15:04:27;15:04:27;15:04:27;51,053358;13,725297;92;13,6;2711,2;7,6;MJ;0;;0:00:00
T;488;15:04:29;15:04:29;15:04:29;51,053384;13,725127;92;22;2723,4;12,2;MJ;0;;0:00:00
T;489;15:04:31;15:04:31;15:04:31;51,053436;13,724958;92;23,7;2736,6;13,2;MJ;0;;0:00:00
T;490;15:04:33;15:04:33;15:04:33;51,053507;13,724856;92;19,1;2747,3;10,7;MJ;0;;0:00:00
T;491;15:04:35;15:04:35;15:04:35;51,053577;13,724767;92;17,9;2757,3;10;MJ;0;;0:00:00
T;492;15:04:37;15:04:37;15:04:37;51,053667;13,724705;92;19,6;2768,2;10,9;MJ;0;;0:00:00
T;493;15:04:39;15:04:39;15:04:39;51,053765;13,724673;92;20;2779,3;11,1;MJ;0;;0:00:00
T;494;15:04:41;15:04:41;15:04:41;51,053853;13,724652;92;17,8;2789,2;9,9;MJ;0;;0:00:00
T;495;15:04:43;15:04:43;15:04:43;51,05391;13,724603;92;13;2796,4;7,2;MJ;0;;0:00:00
T;496;15:04:45;15:04:45;15:04:45;51,053971;13,724546;92;14,2;2804,3;7,9;MJ;0;;0:00:00
T;497;15:04:47;15:04:47;15:04:47;51,054051;13,724567;92;16,2;2813,3;9;MJ;0;;0:00:00
T;498;15:04:49;15:04:49;15:04:49;51,054155;13,724679;92;25,1;2827,3;14;MJ;0;;0:00:00
T;499;15:04:50;15:04:50;15:04:50;51,054226;13,724775;92;37,3;2837,7;10,4;MJ;0;;0:00:00
T;500;15:04:53;15:04:53;15:04:53;51,054291;13,724869;92;11,7;2847,5;9,8;MJ;0;;0:00:00
T;501;15:04:55;15:04:55;15:04:55;51,054341;13,724988;92;18;2857,5;10;MJ;0;;0:00:00
T;502;15:04:57;15:04:57;15:04:57;51,054361;13,725104;92;15,1;2865,9;8,4;MJ;0;;0:00:00
T;503;15:04:59;15:04:59;15:04:59;51,054342;13,725208;92;13,6;2873,5;7,6;MJ;0;;0:00:00
T;504;15:05:00;15:05:00;15:05:00;51,054305;13,725316;92;31;2882,1;8,6;MJ;0;;0:00:00
T;505;15:05:03;15:05:03;15:05:03;51,054246;13,72543;92;12,4;2892,5;10,4;MJ;0;;0:00:00
T;506;15:05:05;15:05:05;15:05:05;51,054225;13,725507;92;10,6;2898,4;5,9;MJ;0;;0:00:00
T;507;15:05:07;15:05:07;15:05:07;51,054205;13,725558;92;7,6;2902,6;4,2;MJ;0;;0:00:00
T;508;15:05:09;15:05:09;15:05:09;51,054187;13,725541;92;4,2;2904,9;2,3;MJ;0;;0:00:00
T;509;15:05:11;15:05:11;15:05:11;51,054178;13,725505;92;4,9;2907,6;2,7;MJ;0;;0:00:00
T;510;15:05:13;15:05:13;15:05:13;51,054169;13,725471;92;4,6;2910,2;2,6;MJ;0;;0:00:00
T;511;15:05:15;15:05:14;15:05:16;51,054155;13,725436;92;5,2;2913,1;2,9;MJ;1;12;0:00:02
T;512;15:05:17;15:05:17;15:05:17;51,054148;13,725408;92;3,8;2915,2;2,1;MJ;0;;0:00:00
T;513;15:05:19;15:05:19;15:05:19;51,054149;13,725382;92;3,3;2917;1,8;MJ;0;;0:00:00
T;514;15:05:21;15:05:21;15:05:21;51,054146;13,725358;92;3,1;2918,8;1,8;MJ;0;;0:00:00
T;515;15:05:23;15:05:23;15:05:23;51,05414;13,725334;92;3,3;2920,6;1,8;MJ;0;;0:00:00
T;516;15:05:25;15:05:25;15:05:25;51,054139;13,725319;92;1,9;2921,6;1;MJ;0;;0:00:00
T;517;15:05:27;15:05:27;15:05:27;51,054134;13,725286;92;4,3;2924;2,4;MJ;0;;0:00:00
T;518;15:05:31;15:05:31;15:05:31;51,054159;13,725261;92;3;2927,3;3,3;MJ;0;;0:00:00
T;519;15:05:33;15:05:33;15:05:33;51,054202;13,725271;92;8,7;2932,1;4,8;MJ;0;;0:00:00
T;520;15:05:35;15:05:35;15:05:35;51,054268;13,725374;92;18,5;2942,4;10,3;MJ;0;;0:00:00
T;521;15:05:37;15:05:37;15:05:37;51,054311;13,725468;92;14,6;2950,6;8,2;MJ;0;;0:00:00
T;522;15:05:39;15:05:39;15:05:39;51,054352;13,725558;92;14;2958,4;7,8;MJ;0;;0:00:00
T;523;15:05:41;15:05:41;15:05:41;51,054386;13,725638;92;12,1;2965,1;6,7;MJ;0;;0:00:00
T;524;15:05:43;15:05:43;15:05:43;51,0544;13,725731;92;12;2971,8;6,7;MJ;0;;0:00:00
T;525;15:05:45;15:05:45;15:05:45;51,054408;13,725854;92;15,6;2980,5;8,7;MJ;0;;0:00:00
T;526;15:05:47;15:05:47;15:05:47;51,054432;13,725988;92;17,5;2990,3;9,8;MJ;0;;0:00:00
T;527;15:05:49;15:05:49;15:05:49;51,054453;13,726131;92;18,5;3000,6;10,3;MJ;0;;0:00:00
T;528;15:05:51;15:05:51;15:05:51;51,054447;13,726259;92;16,1;3009,6;9;MJ;0;;0:00:00
T;529;15:05:53;15:05:53;15:05:53;51,054448;13,726376;92;14,7;3017,8;8,2;MJ;0;;0:00:00
T;530;15:05:55;15:05:55;15:05:55;51,054452;13,726484;92;13,6;3025,4;7,6;MJ;0;;0:00:00
T;531;15:05:57;15:05:57;15:05:57;51,05444;13,726528;92;6;3028,7;3,3;MJ;0;;0:00:00
T;532;15:05:59;15:05:59;15:05:59;51,054418;13,726533;92;4,4;3031,2;2,5;MJ;0;;0:00:00
T;533;15:06:01;15:06:01;15:06:01;51,054414;13,726536;92;0,9;3031,7;0,5;MJ;0;;0:00:00
T;534;15:06:05;15:06:05;15:06:05;51,054407;13,726551;92;1,2;3033;1,3;MJ;0;;0:00:00
T;535;15:06:07;15:06:07;15:06:07;51,054377;13,726548;92;6;3036,3;3,3;MJ;0;;0:00:00
T;536;15:06:08;15:06:08;15:06:08;51,054341;13,726565;92;15;3040,5;4,2;MJ;0;;0:00:00
T;537;15:06:11;15:06:11;15:06:11;51,054286;13,726589;92;7,6;3046,9;6,4;MJ;0;;0:00:00
T;538;15:06:13;15:06:13;15:06:13;51,054223;13,726564;92;13;3054,1;7,2;MJ;0;;0:00:00
T;539;15:06:15;15:06:15;15:06:39;51,05419;13,726498;92;10,6;3060;5,9;MJ;1;13;0:00:24
T;551;15:06:41;15:06:41;15:06:41;51,054174;13,726555;92;5,2;3083,8;23,8;MJ;0;;0:00:00
T;552;15:06:43;15:06:43;15:06:43;51,054214;13,726545;92;8,1;3088,3;4,5;MJ;0;;0:00:00
T;553;15:06:45;15:06:45;15:06:45;51,054277;13,726537;92;12,6;3095,3;7;MJ;0;;0:00:00
T;554;15:06:47;15:06:47;15:06:47;51,054322;13,726605;92;12,4;3102,2;6,9;MJ;0;;0:00:00
T;555;15:06:49;15:06:49;15:06:49;51,054337;13,726684;92;10,4;3108;5,8;MJ;0;;0:00:00
T;556;15:06:51;15:06:51;15:06:51;51,054344;13,72677;92;10,9;3114,1;6,1;MJ;0;;0:00:00
T;557;15:06:53;15:06:53;15:06:53;51,054367;13,726864;92;12,7;3121,1;7;MJ;0;;0:00:00
T;558;15:06:55;15:06:55;15:06:55;51,054378;13,726964;92;12,8;3128,3;7,2;MJ;0;;0:00:00
T;559;15:06:57;15:06:57;15:06:57;51,054382;13,727069;92;13,2;3135,6;7,3;MJ;0;;0:00:00
T;560;15:06:59;15:06:59;15:06:59;51,054383;13,727174;92;13,2;3143;7,4;MJ;0;;0:00:00
T;561;15:07:01;15:07:01;15:07:01;51,054409;13,727286;92;15;3151,4;8,4;MJ;0;;0:00:00
T;562;15:07:03;15:07:03;15:07:03;51,054433;13,727412;92;16,6;3160,6;9,2;MJ;0;;0:00:00
T;563;15:07:04;15:07:04;15:07:04;51,054438;13,727479;92;17;3165,3;4,7;MJ;0;;0:00:00
T;564;15:07:06;15:07:06;15:07:06;51,05445;13,727592;92;14,4;3173,4;8,1;MJ;0;;0:00:00
T;565;15:07:08;15:07:08;15:07:08;51,054472;13,727704;92;14,8;3181,6;8,2;MJ;0;;0:00:00
T;566;15:07:10;15:07:10;15:07:10;51,05447;13,727783;92;9,9;3187,1;5,5;MJ;0;;0:00:00
T;567;15:07:12;15:07:12;15:07:12;51,054444;13,727811;92;6,3;3190,6;3,5;MJ;0;;0:00:00
T;568;15:07:14;15:07:14;15:07:14;51,054406;13,727835;92;8,2;3195,2;4,6;MJ;0;;0:00:00
T;569;15:07:16;15:07:16;15:07:16;51,054357;13,727818;92;10;3200,8;5,6;MJ;0;;0:00:00
T;570;15:07:17;15:07:17;15:07:17;51,054269;13,72784;92;35,7;3210,7;9,9;MJ;0;;0:00:00
T;571;15:07:20;15:07:20;15:07:20;51,054206;13,727889;92;9,4;3218,5;7,8;MJ;0;;0:00:00
T;572;15:07:22;15:07:22;15:07:22;51,054134;13,727945;92;16;3227,4;8,9;MJ;0;;0:00:00
T;573;15:07:24;15:07:24;15:07:24;51,054045;13,728002;92;19,2;3238,1;10,7;MJ;0;;0:00:00
T;574;15:07:26;15:07:26;15:07:26;51,053961;13,72798;92;17;3247,5;9,4;MJ;0;;0:00:00
T;575;15:07:28;15:07:28;15:07:28;51,053931;13,727959;92;6,6;3251,2;3,7;MJ;0;;0:00:00
T;576;15:07:30;15:07:30;15:07:30;51,05392;13,727953;92;2,3;3252,5;1,3;MJ;0;;0:00:00
T;577;15:07:32;15:07:32;15:07:32;51,053874;13,727949;92;9,2;3257,6;5,1;MJ;0;;0:00:00
T;578;15:07:34;15:07:34;15:07:34;51,053792;13,72793;92;16,6;3266,8;9,2;MJ;0;;0:00:00
T;579;15:07:36;15:07:36;15:07:36;51,053692;13,727895;92;20,5;3278,2;11,4;MJ;0;;0:00:00
T;580;15:07:38;15:07:38;15:07:38;51,053633;13,727839;92;13,8;3285,9;7,7;MJ;0;;0:00:00
T;581;15:07:40;15:07:40;15:07:40;51,053583;13,727792;92;11,6;3292,3;6,4;MJ;0;;0:00:00
T;582;15:07:42;15:07:42;15:07:42;51,053518;13,727785;92;13;3299,6;7,3;MJ;0;;0:00:00
T;583;15:07:44;15:07:44;15:07:44;51,053484;13,727797;92;7;3303,5;3,9;MJ;0;;0:00:00
T;584;15:07:46;15:07:46;15:07:46;51,053441;13,727801;92;8,6;3308,2;4,7;MJ;0;;0:00:00
T;585;15:07:48;15:07:48;15:07:48;51,053405;13,727802;92;7,2;3312,3;4,1;MJ;0;;0:00:00
T;586;15:07:50;15:07:50;15:07:50;51,053371;13,727781;92;7,3;3316,3;4;MJ;0;;0:00:00
T;587;15:07:52;15:07:52;15:08:08;51,053344;13,727778;92;5,4;3319,3;3;MJ;1;14;0:00:16
T;588;15:07:54;15:07:54;15:07:54;51,053315;13,727778;92;5,8;3322,5;3,2;MJ;0;;0:00:00
T;589;15:07:56;15:07:56;15:07:56;51,053322;13,727758;92;2,9;3324,2;1,7;MJ;0;;0:00:00
T;590;15:07:58;15:07:58;15:07:58;51,05335;13,727755;92;5,6;3327,3;3,1;MJ;0;;0:00:00
T;591;15:08:00;15:08:00;15:08:00;51,053361;13,727787;92;4,6;3329,8;2,5;MJ;0;;0:00:00
T;592;15:08:02;15:08:02;15:08:02;51,053376;13,727815;92;4,6;3332,4;2,6;MJ;0;;0:00:00
T;593;15:08:06;15:08:06;15:08:06;51,053384;13,727835;92;1,5;3334,1;1,7;MJ;0;;0:00:00
T;594;15:08:08;15:08:08;15:08:08;51,05339;13,727817;92;2,6;3335,5;1,4;MJ;0;;0:00:00
T;595;15:08:10;15:08:10;15:08:10;51,053388;13,727773;92;5,5;3338,6;3,1;MJ;0;;0:00:00
T;596;15:08:12;15:08:12;15:08:12;51,053409;13,72774;92;5,9;3341,9;3,3;MJ;0;;0:00:00
T;597;15:08:14;15:08:14;15:08:14;51,05343;13,72771;92;5,6;3345;3,1;MJ;0;;0:00:00
T;598;15:08:16;15:08:16;15:08:16;51,05346;13,727669;92;7,9;3349,4;4,4;MJ;0;;0:00:00
T;599;15:08:18;15:08:18;15:08:18;51,053482;13,727646;92;5,3;3352,4;3;MJ;0;;0:00:00
T;600;15:08:19;15:08:19;15:08:19;51,053503;13,72764;92;8,5;3354,7;2,3;MJ;0;;0:00:00
T;601;15:08:22;15:08:22;15:08:22;51,053512;13,727633;92;1,3;3355,8;1,1;MJ;0;;0:00:00
T;602;15:08:23;15:08:23;15:08:23;51,05352;13,727651;92;5,6;3357,4;1,6;MJ;0;;0:00:00
T;603;15:08:25;15:08:25;15:08:25;51,053546;13,72771;92;9,1;3362,4;5;MJ;0;;0:00:00
T;604;15:08:27;15:08:27;15:08:27;51,053572;13,727792;92;11,6;3368,9;6,5;MJ;0;;0:00:00
T;605;15:08:29;15:08:29;15:08:29;51,053599;13,727897;92;14,3;3376,8;7,9;MJ;0;;0:00:00
T;606;15:08:31;15:08:31;15:08:31;51,053637;13,72802;92;17,2;3386,4;9,6;MJ;0;;0:00:00
T;607;15:08:33;15:08:33;15:08:33;51,053673;13,72813;92;15,6;3395,1;8,7;MJ;0;;0:00:00
T;608;15:08:35;15:08:35;15:08:35;51,053707;13,728245;92;16;3404;8,9;MJ;0;;0:00:00
T;609;15:08:37;15:08:37;15:08:37;51,053726;13,728346;92;13,3;3411,4;7,4;MJ;0;;0:00:00
T;610;15:08:39;15:08:39;15:08:39;51,053737;13,728433;92;11,2;3417,6;6,2;MJ;0;;0:00:00
T;611;15:08:40;15:08:40;15:08:40;51,053746;13,728478;92;11,9;3420,9;3,3;MJ;0;;0:00:00
T;612;15:08:42;15:08:42;15:08:42;51,053751;13,728568;92;11,4;3427,3;6,4;MJ;0;;0:00:00
T;613;15:08:44;15:08:44;15:08:44;51,053768;13,728659;92;11,9;3433,9;6,6;MJ;0;;0:00:00
T;614;15:08:46;15:08:46;15:08:46;51,053783;13,728764;92;13,5;3441,5;7,6;MJ;0;;0:00:00
T;615;15:08:48;15:08:48;15:08:48;51,053788;13,728854;92;11,4;3447,8;6,3;MJ;0;;0:00:00
T;616;15:08:50;15:08:50;15:08:50;51,053787;13,728913;92;7,4;3452;4,2;MJ;0;;0:00:00
T;617;15:08:52;15:08:52;15:08:52;51,053786;13,72893;92;2,1;3453,2;1,2;MJ;0;;0:00:00
T;618;15:08:56;15:08:56;15:08:56;51,053778;13,728944;92;1,2;3454,5;1,3;MJ;0;;0:00:00
T;619;15:08:58;15:08:58;15:08:58;51,053761;13,728984;92;6,1;3457,9;3,4;MJ;0;;0:00:00
T;620;15:09:00;15:09:00;15:09:00;51,053723;13,729049;92;11,2;3464,1;6,2;MJ;0;;0:00:00
T;621;15:09:02;15:09:02;15:09:02;51,053672;13,729122;92;13,7;3471,7;7,6;MJ;0;;0:00:00
T;622;15:09:04;15:09:04;15:09:04;51,053625;13,729179;92;11,8;3478,3;6,6;MJ;0;;0:00:00
T;623;15:09:06;15:09:06;15:09:06;51,053591;13,729223;92;8,8;3483,2;4,9;MJ;0;;0:00:00
T;624;15:09:08;15:09:08;15:09:08;51,053527;13,729272;92;14,2;3491,1;7,9;MJ;0;;0:00:00
T;625;15:09:10;15:09:10;15:09:10;51,053437;13,729322;92;19,1;3501,7;10,6;MJ;0;;0:00:00
T;626;15:09:12;15:09:12;15:09:12;51,053341;13,729369;92;20,1;3512,9;11,2;MJ;0;;0:00:00
T;627;15:09:14;15:09:14;15:09:14;51,053253;13,72943;92;19,2;3523,6;10,7;MJ;0;;0:00:00
T;628;15:09:16;15:09:16;15:09:16;51,053181;13,729489;92;16,2;3532,6;9;MJ;0;;0:00:00
T;629;15:09:18;15:09:18;15:09:18;51,05311;13,729533;92;15,3;3541,1;8,5;MJ;0;;0:00:00
T;630;15:09:20;15:09:20;15:09:20;51,053041;13,729564;92;14,4;3549;7,9;MJ;0;;0:00:00
T;631;15:09:22;15:09:22;15:09:22;51,052983;13,729599;92;12,4;3555,9;6,9;MJ;0;;0:00:00
T;632;15:09:24;15:09:24;15:09:24;51,052933;13,729659;92;12,5;3562,9;7;MJ;0;;0:00:00
T;633;15:09:26;15:09:26;15:09:26;51,052904;13,729749;92;12,7;3570;7,1;MJ;0;;0:00:00
T;634;15:09:28;15:09:28;15:09:28;51,052913;13,729848;92;12,6;3577;7;MJ;0;;0:00:00
T;635;15:09:30;15:09:30;15:09:30;51,05295;13,729948;92;14,6;3585,1;8,1;MJ;0;;0:00:00
T;636;15:09:32;15:09:32;15:09:32;51,052995;13,730061;92;16,8;3594,5;9,4;MJ;0;;0:00:00
T;637;15:09:34;15:09:34;15:09:34;51,053043;13,73016;92;15,7;3603,3;8,8;MJ;0;;0:00:00
T;638;15:09:36;15:09:36;15:09:36;51,053095;13,730262;92;16,5;3612,5;9,2;MJ;0;;0:00:00
T;639;15:09:38;15:09:38;15:09:38;51,053141;13,730374;92;16,8;3621,8;9,3;MJ;0;;0:00:00
T;640;15:09:40;15:09:40;15:09:40;51,053176;13,730473;92;14,3;3629,8;8;MJ;0;;0:00:00
T;641;15:09:42;15:09:42;15:09:42;51,053211;13,730565;92;13,5;3637,3;7,5;MJ;0;;0:00:00
T;642;15:09:44;15:09:44;15:09:44;51,053247;13,730669;92;14,9;3645,7;8,4;MJ;0;;0:00:00
T;643;15:09:46;15:09:46;15:09:46;51,053293;13,730757;92;14,4;3653,7;8;MJ;0;;0:00:00
T;644;15:09:48;15:09:48;15:09:48;51,053341;13,730848;92;14,9;3662;8,3;MJ;0;;0:00:00
T;645;15:09:50;15:09:50;15:09:50;51,053378;13,730947;92;14,5;3670,1;8,1;MJ;0;;0:00:00
T;646;15:09:51;15:09:51;15:09:51;51,05341;13,731033;92;25,1;3677,1;7;MJ;0;;0:00:00
T;647;15:09:54;15:09:54;15:09:54;51,053453;13,73111;92;8,6;3684,3;7,2;MJ;0;;0:00:00
T;648;15:09:56;15:09:56;15:09:56;51,053509;13,731154;92;12,5;3691,2;6,9;MJ;0;;0:00:00
T;649;15:09:58;15:09:58;15:09:58;51,053559;13,731189;92;10,9;3697,3;6,1;MJ;0;;0:00:00
T;650;15:10:00;15:10:00;15:10:00;51,053609;13,731205;92;10,2;3703;5,7;MJ;0;;0:00:00
T;651;15:10:02;15:10:02;15:10:02;51,05366;13,731213;92;10,3;3708,7;5,7;MJ;0;;0:00:00
T;652;15:10:04;15:10:04;15:10:04;51,05373;13,731237;92;14,3;3716,7;8;MJ;0;;0:00:00
T;653;15:10:06;15:10:06;15:10:06;51,05379;13,731271;92;12,7;3723,7;7;MJ;0;;0:00:00
T;654;15:10:08;15:10:08;15:10:08;51,053839;13,731263;92;9,9;3729,2;5,5;MJ;0;;0:00:00
T;655;15:10:10;15:10:10;15:10:10;51,053892;13,731247;92;10,8;3735,2;6;MJ;0;;0:00:00
T;656;15:10:12;15:10:12;15:10:12;51,053934;13,731231;92;8,6;3740;4,8;MJ;0;;0:00:00
T;657;15:10:14;15:10:14;15:10:14;51,053969;13,731213;92;7,4;3744,1;4,1;MJ;0;;0:00:00
T;658;15:10:15;15:10:15;15:10:15;51,05399;13,731185;92;11;3747,2;3,1;MJ;0;;0:00:00
T;659;15:10:18;15:10:18;15:10:18;51,054017;13,731171;92;3,8;3750,3;3,1;MJ;0;;0:00:00
T;660;15:10:20;15:10:20;15:10:20;51,054028;13,731148;92;3,6;3752,4;2,1;MJ;0;;0:00:00
T;661;15:10:22;15:10:22;15:10:22;51,054044;13,731128;92;4,1;3754,6;2,2;MJ;0;;0:00:00
T;662;15:10:24;15:10:24;15:10:24;51,054066;13,731129;92;4,4;3757,1;2,5;MJ;0;;0:00:00
T;663;15:10:28;15:10:28;15:10:28;51,054083;13,731164;92;2,8;3760,2;3,1;MJ;0;;0:00:00
T;664;15:10:30;15:10:30;15:10:30;51,054066;13,731191;92;4,8;3762,8;2,6;MJ;0;;0:00:00
T;665;15:10:32;15:10:32;15:10:32;51,054037;13,731228;92;7,4;3767;4,2;MJ;0;;0:00:00
T;666;15:10:34;15:10:34;15:10:34;51,05399;13,73124;92;9,5;3772,3;5,3;MJ;0;;0:00:00
T;667;15:10:36;15:10:36;15:10:36;51,053938;13,731235;92;10,4;3778,1;5,8;MJ;0;;0:00:00
T;668;15:10:40;15:10:40;15:10:40;51,053955;13,731235;92;1,7;3780;1,9;MJ;0;;0:00:00
T;669;15:10:44;15:10:44;15:10:44;51,053965;13,731248;92;1,3;3781,4;1,4;MJ;0;;0:00:00
T;670;15:10:46;15:10:46;15:10:46;51,05398;13,731256;92;3,2;3783,2;1,8;MJ;0;;0:00:00
T;671;15:10:48;15:10:48;15:10:48;51,054024;13,731209;92;10,6;3789,1;5,9;MJ;0;;0:00:00
T;672;15:10:50;15:10:50;15:10:50;51,054089;13,731186;92;13,3;3796,5;7,4;MJ;0;;0:00:00
T;673;15:10:52;15:10:52;15:10:52;51,054154;13,731205;92;13,2;3803,8;7,3;MJ;0;;0:00:00
T;674;15:10:54;15:10:54;15:10:54;51,054227;13,731238;92;15,2;3812,3;8,5;MJ;0;;0:00:00
T;675;15:10:56;15:10:56;15:10:56;51,054299;13,731262;92;14,7;3820,5;8,2;MJ;0;;0:00:00
T;676;15:10:58;15:10:58;15:10:58;51,054368;13,731308;92;15;3828,8;8,3;MJ;0;;0:00:00
T;677;15:10:59;15:10:59;15:10:59;51,054443;13,731358;92;32,6;3837,8;9;MJ;0;;0:00:00
T;678;15:11:02;15:11:02;15:11:02;51,0545;13,731414;92;8,9;3845,3;7,5;MJ;0;;0:00:00
T;679;15:11:04;15:11:04;15:11:04;51,05454;13,731476;92;11,2;3851,5;6,2;MJ;0;;0:00:00
T;680;15:11:06;15:11:06;15:11:06;51,054575;13,731579;92;14,7;3859,7;8,2;MJ;0;;0:00:00
T;681;15:11:08;15:11:08;15:11:08;51,054615;13,73171;92;18,3;3869,9;10,2;MJ;0;;0:00:00
T;682;15:11:10;15:11:10;15:11:10;51,054658;13,731831;92;17,5;3879,7;9,8;MJ;0;;0:00:00
T;683;15:11:12;15:11:12;15:11:12;51,054694;13,731971;92;19;3890,3;10,6;MJ;0;;0:00:00
T;684;15:11:14;15:11:14;15:11:14;51,054731;13,732117;92;19,8;3901,3;11;MJ;0;;0:00:00
T;685;15:11:16;15:11:16;15:11:16;51,054761;13,732231;92;15,5;3910;8,7;MJ;0;;0:00:00
T;686;15:11:18;15:11:18;15:11:18;51,054774;13,732361;92;16,6;3919,2;9,2;MJ;0;;0:00:00
T;687;15:11:20;15:11:20;15:11:20;51,054787;13,732476;92;14,7;3927,4;8,2;MJ;0;;0:00:00
T;688;15:11:22;15:11:22;15:11:22;51,054805;13,732594;92;15,3;3935,9;8,5;MJ;0;;0:00:00
T;689;15:11:24;15:11:24;15:11:24;51,054824;13,732709;92;15;3944,2;8,3;MJ;0;;0:00:00
T;690;15:11:26;15:11:26;15:11:26;51,054812;13,732836;92;16,2;3953,2;9;MJ;0;;0:00:00
T;691;15:11:28;15:11:28;15:11:28;51,054804;13,732952;92;14,7;3961,4;8,2;MJ;0;;0:00:00
T;692;15:11:30;15:11:30;15:11:30;51,054794;13,733059;92;13,6;3969;7,6;MJ;0;;0:00:00
T;693;15:11:32;15:11:32;15:11:32;51,05478;13,733149;92;11,7;3975,5;6,5;MJ;0;;0:00:00
T;694;15:11:33;15:11:33;15:11:33;51,054746;13,733226;92;23,7;3982,1;6,6;MJ;0;;0:00:00
T;695;15:11:36;15:11:36;15:11:36;51,054708;13,733304;92;8,3;3989;6,9;MJ;0;;0:00:00
T;696;15:11:38;15:11:38;15:11:38;51,054644;13,733362;92;14,7;3997,2;8,2;MJ;0;;0:00:00
T;697;15:11:40;15:11:40;15:11:40;51,054572;13,733416;92;15,9;4006,1;8,9;MJ;0;;0:00:00
T;698;15:11:42;15:11:42;15:11:42;51,054501;13,733454;92;15;4014,4;8,3;MJ;0;;0:00:00
T;699;15:11:44;15:11:44;15:11:44;51,05444;13,733487;92;12,9;4021,6;7,2;MJ;0;;0:00:00
T;700;15:11:46;15:11:46;15:11:46;51,054407;13,733533;92;8,8;4026,5;4,9;MJ;0;;0:00:00
T;701;15:11:48;15:11:48;15:11:48;51,054372;13,73357;92;8,4;4031,1;4,6;MJ;0;;0:00:00
T;702;15:11:50;15:11:50;15:11:50;51,054323;13,73361;92;11;4037,3;6,2;MJ;0;;0:00:00
T;703;15:11:52;15:11:52;15:11:52;51,054291;13,733648;92;8;4041,7;4,4;MJ;0;;0:00:00
T;704;15:11:54;15:11:54;15:11:54;51,054273;13,733676;92;5;4044,5;2,8;MJ;0;;0:00:00
T;705;15:11:56;15:11:56;15:11:56;51,054236;13,733716;92;9;4049,5;5;MJ;0;;0:00:00
T;706;15:11:58;15:11:58;15:11:58;51,054189;13,733756;92;10,7;4055,4;5,9;MJ;0;;0:00:00
T;707;15:11:59;15:11:59;15:11:59;51,054149;13,733775;92;16,7;4060,1;4,7;MJ;0;;0:00:00
T;708;15:12:02;15:12:02;15:12:02;51,054112;13,733781;92;5;4064,2;4,1;MJ;0;;0:00:00
T;709;15:12:08;15:12:08;15:12:08;51,054096;13,733796;92;1,2;4066,3;2,1;MJ;0;;0:00:00
T;710;15:12:14;15:12:14;15:12:14;51,054076;13,733755;96;2,2;4069,9;3,6;MJ;0;;0:00:00
T;711;15:12:16;15:12:16;15:12:16;51,054041;13,733728;96;7,8;4074,3;4,4;MJ;0;;0:00:00
T;712;15:12:18;15:12:18;15:12:18;51,054017;13,733664;97;9,4;4079,5;5,2;MJ;0;;0:00:00
T;713;15:12:20;15:12:20;15:12:20;51,053995;13,733574;97;12,1;4086,2;6,7;MJ;0;;0:00:00
T;714;15:12:22;15:12:22;15:12:22;51,053964;13,733486;98;12,7;4093,3;7,1;MJ;0;;0:00:00
T;715;15:12:24;15:12:24;15:12:24;51,053937;13,733389;98;13,3;4100,7;7,4;MJ;0;;0:00:00
T;716;15:12:26;15:12:26;15:12:26;51,053918;13,733333;98;8;4105,2;4,5;MJ;0;;0:00:00
T;717;15:12:30;15:12:30;15:12:30;51,053941;13,733323;98;2,4;4107,9;2,7;MJ;0;;0:00:00
T;718;15:12:32;15:12:31;15:12:33;51,053957;13,73336;98;5,6;4111;3,1;MJ;1;15;0:00:02
T;719;15:12:34;15:12:34;15:12:34;51,053967;13,733408;98;6,4;4114,5;3,5;MJ;0;;0:00:00
T;720;15:12:36;15:12:36;15:12:36;51,053983;13,733451;98;6,3;4118;3,5;MJ;0;;0:00:00
T;721;15:12:38;15:12:38;15:12:38;51,05401;13,733483;98;6,7;4121,8;3,8;MJ;0;;0:00:00
T;722;15:12:40;15:12:40;15:12:40;51,054028;13,73351;98;5;4124,6;2,8;MJ;0;;0:00:00
T;723;15:12:42;15:12:42;15:12:42;51,054046;13,733542;98;5,4;4127,6;3;MJ;0;;0:00:00
T;724;15:12:44;15:12:44;15:12:44;51,05407;13,733579;98;6,7;4131,3;3,7;MJ;0;;0:00:00
T;725;15:12:46;15:12:46;15:12:46;51,054086;13,733615;98;5,5;4134,4;3,1;MJ;0;;0:00:00
T;726;15:12:48;15:12:48;15:12:48;51,054113;13,733651;98;7;4138,3;3,9;MJ;0;;0:00:00
T;727;15:12:50;15:12:50;15:12:50;51,054143;13,733702;98;8,8;4143,2;4,9;MJ;0;;0:00:00
T;728;15:12:52;15:12:52;15:12:52;51,054164;13,7338;96;13;4150,4;7,2;MJ;0;;0:00:00
T;729;15:12:54;15:12:54;15:12:54;51,054175;13,733939;96;17,6;4160,3;9,9;MJ;0;;0:00:00
T;730;15:12:56;15:12:56;15:12:56;51,054193;13,734066;96;16,4;4169,4;9,1;MJ;0;;0:00:00
T;731;15:12:58;15:12:58;15:12:58;51,054222;13,734183;96;15,8;4178,2;8,8;MJ;0;;0:00:00
T;732;15:13:00;15:13:00;15:13:00;51,054253;13,734316;96;17,8;4188,2;10;MJ;0;;0:00:00
T;733;15:13:02;15:13:02;15:13:02;51,054298;13,734409;93;14,8;4196,4;8,2;MJ;0;;0:00:00
T;734;15:13:04;15:13:04;15:13:04;51,054361;13,734422;93;12,7;4203,4;7;MJ;0;;0:00:00
T;735;15:13:06;15:13:06;15:13:06;51,05442;13,734379;93;13;4210,7;7,3;MJ;0;;0:00:00
T;736;15:13:08;15:13:08;15:13:08;51,054467;13,73432;92;12;4217,3;6,6;MJ;0;;0:00:00
T;737;15:13:10;15:13:10;15:13:10;51,054497;13,734301;92;6,5;4220,9;3,6;MJ;0;;0:00:00
T;738;15:13:14;15:13:14;15:13:14;51,054542;13,734294;91;4,5;4226;5,1;MJ;0;;0:00:00
T;739;15:13:16;15:13:16;15:13:16;51,054604;13,734279;91;12,6;4232,9;6,9;MJ;0;;0:00:00
T;740;15:13:17;15:13:17;15:13:17;51,05467;13,73427;91;26,5;4240,3;7,4;MJ;0;;0:00:00
T;741;15:13:20;15:13:20;15:13:20;51,054726;13,73438;91;11,9;4250,2;9,9;MJ;0;;0:00:00
T;742;15:13:22;15:13:22;15:13:22;51,054776;13,734519;91;20,1;4261,4;11,2;MJ;0;;0:00:00
T;743;15:13:24;15:13:24;15:13:24;51,054818;13,734635;91;16,8;4270,8;9,4;MJ;0;;0:00:00
T;744;15:13:26;15:13:26;15:13:26;51,054855;13,73478;91;19,7;4281,8;11;MJ;0;;0:00:00
T;745;15:13:28;15:13:28;15:13:28;51,054909;13,734915;91;20,1;4293;11,2;MJ;0;;0:00:00
T;746;15:13:30;15:13:30;15:13:30;51,054974;13,735024;91;18,9;4303,5;10,5;MJ;0;;0:00:00
T;747;15:13:32;15:13:32;15:13:32;51,055016;13,735094;90;12,2;4310,3;6,8;MJ;0;;0:00:00
T;748;15:13:34;15:13:34;15:13:34;51,05504;13,735094;90;4,8;4313;2,7;MJ;0;;0:00:00
T;749;15:13:36;15:13:36;15:13:36;51,055069;13,735093;90;5,8;4316,2;3,2;MJ;0;;0:00:00
T;750;15:13:38;15:13:38;15:13:38;51,055092;13,735136;90;7,1;4320,1;3,9;MJ;0;;0:00:00
T;751;15:13:40;15:13:40;15:13:40;51,055116;13,735168;90;6,3;4323,6;3,5;MJ;0;;0:00:00
T;752;15:13:42;15:13:42;15:13:42;51,05516;13,735187;91;9,1;4328,7;5,1;MJ;0;;0:00:00
T;753;15:13:44;15:13:44;15:13:44;51,055211;13,735139;91;11,9;4335,3;6,6;MJ;0;;0:00:00
T;754;15:13:46;15:13:46;15:13:46;51,055268;13,735105;91;12,2;4342,1;6,8;MJ;0;;0:00:00
T;755;15:13:48;15:13:48;15:13:48;51,055316;13,735092;91;9,7;4347,5;5,4;MJ;0;;0:00:00
T;756;15:13:50;15:13:50;15:13:50;51,055354;13,735095;91;7,6;4351,7;4,2;MJ;0;;0:00:00
T;757;15:13:52;15:13:52;15:13:52;51,055381;13,735118;92;6,1;4355,1;3,4;MJ;0;;0:00:00
T;758;15:13:54;15:13:54;15:13:54;51,055404;13,735166;92;7,6;4359,4;4,3;MJ;0;;0:00:00
T;759;15:13:56;15:13:56;15:13:56;51,055446;13,735216;92;10,5;4365,2;5,8;MJ;0;;0:00:00
T;760;15:13:58;15:13:57;15:13:59;51,055478;13,735264;92;8,8;4370,1;4,9;MJ;1;17;0:00:02
T;761;15:13:59;15:13:59;15:13:59;51,055499;13,735302;92;12,7;4373,6;3,5;MJ;0;;0:00:00
T;762;15:14:02;15:14:02;15:14:02;51,055523;13,735324;92;3,7;4376,7;3,1;MJ;0;;0:00:00
T;763;15:14:04;15:14:03;15:14:05;51,055521;13,73531;92;1,8;4377,7;1;MJ;1;16;0:00:02
T;764;15:14:06;15:14:06;15:14:06;51,055543;13,735349;92;6,6;4381,4;3,7;MJ;0;;0:00:00
T;765;15:14:08;15:14:08;15:14:08;51,055581;13,73542;92;11,7;4387,9;6,5;MJ;0;;0:00:00
T;766;15:14:10;15:14:10;15:14:10;51,055625;13,735472;92;11;4394;6,1;MJ;0;;0:00:00
T;767;15:14:12;15:14:12;15:14:12;51,055678;13,73551;92;11,6;4400,5;6,5;MJ;0;;0:00:00
T;768;15:14:13;15:14:13;15:14:13;51,055721;13,73551;92;17,2;4405,3;4,8;MJ;0;;0:00:00
T;769;15:14:16;15:14:16;15:14:16;51,055747;13,735504;92;3,5;4408,2;2,9;MJ;0;;0:00:00
T;770;15:14:18;15:14:18;15:14:18;51,055752;13,735474;92;3,9;4410,4;2,2;MJ;0;;0:00:00
T;771;15:14:20;15:14:20;15:14:20;51,05579;13,735414;92;10,7;4416,4;6;MJ;0;;0:00:00
T;772;15:14:22;15:14:22;15:14:22;51,055857;13,735332;92;16,9;4425,8;9,4;MJ;0;;0:00:00
T;773;15:14:24;15:14:24;15:14:24;51,05592;13,735238;92;17,3;4435,4;9,6;MJ;0;;0:00:00
T;774;15:14:26;15:14:26;15:14:26;51,055982;13,735146;92;17;4444,8;9,4;MJ;0;;0:00:00
T;775;15:14:28;15:14:28;15:14:28;51,05605;13,735064;92;17,1;4454,3;9,5;MJ;0;;0:00:00
T;776;15:14:30;15:14:30;15:14:30;51,056093;13,734998;92;12;4461;6,7;MJ;0;;0:00:00
T;777;15:14:32;15:14:32;15:14:32;51,056142;13,734928;92;13,2;4468,3;7,3;MJ;0;;0:00:00
T;778;15:14:33;15:14:33;15:14:33;51,056168;13,734846;92;23,1;4474,8;6,5;MJ;0;;0:00:00
T;779;15:14:36;15:14:36;15:14:36;51,056168;13,734726;92;10,1;4483,2;8,4;MJ;0;;0:00:00
T;780;15:14:38;15:14:38;15:14:38;51,056172;13,734612;92;14,4;4491,2;8;MJ;0;;0:00:00
T;781;15:14:40;15:14:40;15:14:40;51,056176;13,734494;92;14,9;4499,5;8,3;MJ;0;;0:00:00
T;782;15:14:42;15:14:42;15:14:42;51,056168;13,734374;92;15,2;4507,9;8,4;MJ;0;;0:00:00
T;783;15:14:44;15:14:44;15:14:44;51,056161;13,734244;92;16,4;4517,1;9,2;MJ;0;;0:00:00
T;784;15:14:46;15:14:46;15:14:46;51,056166;13,73415;92;11,9;4523,7;6,6;MJ;0;;0:00:00
T;785;15:14:48;15:14:48;15:14:48;51,056166;13,734074;92;9,6;4529;5,3;MJ;0;;0:00:00
T;786;15:14:50;15:14:50;15:14:50;51,056174;13,73398;92;11,9;4535,7;6,7;MJ;0;;0:00:00
T;787;15:14:52;15:14:52;15:14:52;51,056196;13,733928;91;7,9;4540,1;4,4;MJ;0;;0:00:00
T;788;15:14:54;15:14:54;15:14:54;51,056213;13,733898;91;5,1;4542,9;2,8;MJ;0;;0:00:00
T;789;15:14:56;15:14:56;15:14:56;51,056222;13,733858;91;5,3;4545,9;3;MJ;0;;0:00:00
T;790;15:14:58;15:14:58;15:14:58;51,056212;13,733818;91;5,4;4548,9;3;MJ;0;;0:00:00
T;791;15:15:00;15:15:00;15:15:00;51,056204;13,733808;91;2;4550;1,1;MJ;0;;0:00:00
T;792;15:15:04;15:15:04;15:15:04;51,056198;13,733796;91;1;4551,1;1,1;MJ;0;;0:00:00
T;793;15:15:06;15:15:06;15:15:06;51,056176;13,733732;91;9,2;4556,2;5,1;MJ;0;;0:00:00
T;794;15:15:08;15:15:08;15:15:08;51,056134;13,733664;91;12;4562,9;6,7;MJ;0;;0:00:00
T;795;15:15:10;15:15:10;15:15:18;51,056061;13,733625;91;15,4;4571,4;8,5;MJ;1;18;0:00:08
T;800;15:15:20;15:15:20;15:15:20;51,056048;13,73367;91;10,3;4597,5;26,1;MJ;0;;0:00:00
T;801;15:15:22;15:15:22;15:15:22;51,056071;13,733703;91;6,2;4601;3,5;MJ;0;;0:00:00
T;802;15:15:24;15:15:24;15:15:24;51,056063;13,733685;91;2,8;4602,5;1,5;MJ;0;;0:00:00
T;803;15:15:26;15:15:26;15:15:26;51,056054;13,733625;91;7,8;4606,9;4,4;MJ;0;;0:00:00
T;804;15:15:28;15:15:28;15:15:28;51,056057;13,733539;91;10,8;4612,9;6;MJ;0;;0:00:00
T;805;15:15:30;15:15:30;15:15:30;51,056046;13,73344;91;12,6;4619,9;7;MJ;0;;0:00:00
T;806;15:15:32;15:15:32;15:15:32;51,056037;13,733323;91;14,8;4628,2;8,3;MJ;0;;0:00:00
T;807;15:15:33;15:15:33;15:15:33;51,056036;13,733213;91;27,7;4635,9;7,7;MJ;0;;0:00:00
T;808;15:15:36;15:15:36;15:15:36;51,056049;13,733077;91;11,5;4645,6;9,7;MJ;0;;0:00:00
T;809;15:15:38;15:15:38;15:15:38;51,056092;13,732953;91;17,8;4655,5;9,9;MJ;0;;0:00:00
T;810;15:15:40;15:15:40;15:15:40;51,056147;13,732871;91;15,1;4663,9;8,4;MJ;0;;0:00:00
T;811;15:15:42;15:15:42;15:15:42;51,056216;13,732782;90;17,8;4673,8;9,9;MJ;0;;0:00:00
T;812;15:15:44;15:15:44;15:15:44;51,056283;13,73267;90;19,5;4684,6;10,8;MJ;0;;0:00:00
T;813;15:15:46;15:15:46;15:15:46;51,056343;13,732564;90;17,9;4694,6;10;MJ;0;;0:00:00
T;814;15:15:48;15:15:48;15:15:48;51,056393;13,732411;90;21,7;4706,7;12,1;MJ;0;;0:00:00
T;815;15:15:50;15:15:50;15:15:50;51,056449;13,732286;90;19,3;4717,4;10,7;MJ;0;;0:00:00
T;816;15:15:52;15:15:52;15:15:52;51,056504;13,732159;90;19,4;4728,2;10,8;MJ;0;;0:00:00
T;817;15:15:54;15:15:54;15:15:54;51,056569;13,732061;90;17,9;4738,2;10;MJ;0;;0:00:00
T;818;15:15:56;15:15:56;15:15:56;51,056629;13,731987;90;15,2;4746,7;8,5;MJ;0;;0:00:00
T;819;15:15:58;15:15:58;15:15:58;51,056692;13,731927;90;14,7;4754,8;8,1;MJ;0;;0:00:00
T;820;15:16:00;15:16:00;15:16:00;51,056758;13,731862;90;15,5;4763,5;8,7;MJ;0;;0:00:00
T;821;15:16:02;15:16:02;15:16:02;51,05682;13,731805;91;14,3;4771,4;7,9;MJ;0;;0:00:00
T;822;15:16:04;15:16:04;15:16:04;51,056867;13,731827;91;9,8;4776,9;5,5;MJ;0;;0:00:00
T;823;15:16:06;15:16:06;15:16:06;51,056923;13,731934;91;17,5;4786,7;9,8;MJ;0;;0:00:00
T;824;15:16:08;15:16:08;15:16:08;51,056981;13,732112;91;25,2;4800,7;14;MJ;0;;0:00:00
T;825;15:16:10;15:16:10;15:16:10;51,057044;13,732285;91;25,2;4814,7;14;MJ;0;;0:00:00
T;826;15:16:12;15:16:12;15:16:12;51,057109;13,732409;90;20,3;4826;11,3;MJ;0;;0:00:00
T;827;15:16:14;15:16:14;15:16:14;51,057186;13,73249;90;18,5;4836,3;10,3;MJ;0;;0:00:00
T;828;15:16:16;15:16:16;15:16:16;51,057243;13,732585;90;16,5;4845,5;9,2;MJ;0;;0:00:00
T;829;15:16:17;15:16:17;15:16:17;51,057283;13,732619;90;18,2;4850,5;5;MJ;0;;0:00:00
T;830;15:16:20;15:16:20;15:16:20;51,057322;13,732594;90;5,6;4855,2;4,7;MJ;0;;0:00:00
T;831;15:16:22;15:16:22;15:16:22;51,057372;13,732548;90;11,6;4861,6;6,4;MJ;0;;0:00:00
T;832;15:16:24;15:16:24;15:16:24;51,057424;13,732459;90;15,3;4870,2;8,6;MJ;0;;0:00:00
T;833;15:16:26;15:16:26;15:16:26;51,057481;13,732375;90;15,6;4878,8;8,6;MJ;0;;0:00:00
T;834;15:16:28;15:16:28;15:16:28;51,057506;13,732327;90;7,8;4883,2;4,4;MJ;0;;0:00:00
T;835;15:16:32;15:16:32;15:16:32;51,057521;13,732302;90;2,2;4885,6;2,4;MJ;0;;0:00:00
T;836;15:16:34;15:16:33;15:16:35;51,057543;13,732255;90;7,4;4889,7;4,1;MJ;1;19;0:00:02
T;837;15:16:36;15:16:36;15:16:36;51,057585;13,732236;90;8,7;4894,6;4,9;MJ;0;;0:00:00
T;838;15:16:38;15:16:38;15:16:38;51,057639;13,73225;90;11;4900,6;6;MJ;0;;0:00:00
T;839;15:16:40;15:16:40;15:16:40;51,057694;13,73226;90;11,1;4906,8;6,2;MJ;0;;0:00:00
T;840;15:16:42;15:16:42;15:16:42;51,057761;13,732313;90;15;4915,1;8,3;MJ;0;;0:00:00
T;841;15:16:44;15:16:44;15:16:44;51,057837;13,732367;90;16,7;4924,4;9,3;MJ;0;;0:00:00
T;842;15:16:46;15:16:46;15:16:46;51,057917;13,732398;90;16,5;4933,6;9,2;MJ;0;;0:00:00
T;843;15:16:48;15:16:48;15:16:48;51,058013;13,732416;90;19,3;4944,3;10,7;MJ;0;;0:00:00
T;844;15:16:50;15:16:50;15:16:50;51,058087;13,732427;90;14,9;4952,6;8,3;MJ;0;;0:00:00
T;845;15:16:52;15:16:52;15:16:52;51,058154;13,732448;90;13,7;4960,2;7,6;MJ;0;;0:00:00
T;846;15:16:54;15:16:54;15:16:54;51,058198;13,732489;90;10,2;4965,9;5,7;MJ;0;;0:00:00
T;847;15:16:56;15:16:55;15:16:57;51,058217;13,732554;90;9;4970,9;5;MJ;1;20;0:00:02
T;848;15:16:58;15:16:58;15:16:58;51,058214;13,732513;90;5,2;4973,8;2,9;MJ;0;;0:00:00
T;849;15:17:00;15:17:00;15:17:00;51,058222;13,732435;90;9,9;4979,3;5,5;MJ;0;;0:00:00
T;850;15:17:02;15:17:02;15:17:02;51,058241;13,73237;91;9;4984,3;5;MJ;0;;0:00:00
T;851;15:17:04;15:17:04;15:17:04;51,058256;13,732328;91;6,1;4987,7;3,4;MJ;0;;0:00:00
T;852;15:17:06;15:17:06;15:17:06;51,058265;13,732272;91;7,3;4991,8;4,1;MJ;0;;0:00:00
T;853;15:17:08;15:17:08;15:17:08;51,058282;13,732212;91;8,3;4996,4;4,6;MJ;0;;0:00:00
T;854;15:17:10;15:17:10;15:17:10;51,058302;13,732138;91;10,1;5002;5,6;MJ;0;;0:00:00
T;855;15:17:12;15:17:12;15:17:12;51,058324;13,732108;94;5,8;5005,3;3,3;MJ;0;;0:00:00
T;856;15:17:14;15:17:14;15:17:14;51,058351;13,73209;94;5,9;5008,5;3,2;MJ;0;;0:00:00
T;857;15:17:16;15:17:16;15:17:16;51,058378;13,732049;94;7,5;5012,7;4,2;MJ;0;;0:00:00
T;858;15:17:18;15:17:17;15:17:19;51,058398;13,73197;96;10,7;5018,6;5,9;MJ;1;21;0:00:02
T;859;15:17:20;15:17:20;15:17:20;51,058418;13,731902;96;9,4;5023,9;5,3;MJ;0;;0:00:00
T;860;15:17:22;15:17:22;15:17:22;51,058424;13,731822;96;10,1;5029,6;5,7;MJ;0;;0:00:00
T;861;15:17:24;15:17:24;15:17:24;51,058438;13,731736;96;11,2;5035,8;6,2;MJ;0;;0:00:00
T;862;15:17:26;15:17:26;15:17:26;51,058465;13,731677;96;9,2;5040,9;5,1;MJ;0;;0:00:00
T;863;15:17:28;15:17:28;15:17:28;51,058463;13,731616;96;7,7;5045,2;4,3;MJ;0;;0:00:00
T;864;15:17:30;15:17:30;15:17:30;51,058484;13,731571;96;7;5049,1;3,9;MJ;0;;0:00:00
T;865;15:17:32;15:17:32;15:17:32;51,058523;13,731533;97;9,2;5054,2;5,1;MJ;0;;0:00:00
T;866;15:17:34;15:17:34;15:17:34;51,058576;13,731492;97;11,8;5060,8;6,6;MJ;0;;0:00:00
T;867;15:17:36;15:17:36;15:17:36;51,058649;13,731437;97;16,2;5069,7;8,9;MJ;0;;0:00:00
T;868;15:17:37;15:17:37;15:17:37;51,058725;13,731392;97;32,5;5078,8;9,1;MJ;0;;0:00:00
T;869;15:17:40;15:17:40;15:17:40;51,058758;13,731365;97;5;5082,9;4,1;MJ;0;;0:00:00
T;870;15:17:42;15:17:42;15:17:42;51,058765;13,731343;99;3,1;5084,6;1,7;MJ;0;;0:00:00
T;871;15:17:44;15:17:44;15:17:44;51,05878;13,731333;99;3,3;5086,4;1,8;MJ;0;;0:00:00
T;872;15:17:46;15:17:46;15:17:46;51,058836;13,731309;99;11,6;5092,9;6,5;MJ;0;;0:00:00
T;873;15:17:48;15:17:48;15:17:48;51,058889;13,731294;99;10,8;5098,9;6;MJ;0;;0:00:00
T;874;15:17:50;15:17:50;15:17:50;51,058907;13,731339;99;6,7;5102,6;3,7;MJ;0;;0:00:00
T;875;15:17:52;15:17:52;15:17:52;51,058909;13,731362;99;2,9;5104,2;1,6;MJ;0;;0:00:00
T;876;15:17:54;15:17:54;15:17:54;51,058897;13,731404;99;5,8;5107,5;3,3;MJ;0;;0:00:00
T;877;15:17:56;15:17:56;15:17:56;51,058886;13,731407;99;2,2;5108,7;1,2;MJ;-1;22;0:00:00
;;;;;;;;;;;;;;